"分類","メモ","コマンド","表示名","いまの区分","高互換","止めるまで続く","歩ける","小道具","相手","車","成人向け","効果","手がかり","Dict","Anim"
"","","/e addict","Addict","ふつうの動作","","○","","","","","","","","anim@scripted@island@special_peds@dave@hs4_dave_stage3_ig7","base"
"","","/e adjust","Adjust","ふつうの動作","○","","○","","","","","","","missmic4","michael_tux_fidget"
"","","/e adjustbag","Firefighter Adjust Tank / Bag","物を持つ","","","○","","","","","","","amb@world_human_hiker_standing@male@idle_a","idle_b"
"","","/e adjustpanel","Firefighter Pump PSI","物を持つ","","","○","","","","","","","anim@scripted@heist@ig9_control_tower@male@","loop"
"","","/e adjusttie","Adjust Tie","ふつうの動作","○","","○","","","","","","","clothingtie","try_tie_positive_a"
"","","/mood Aiming","Aiming","表情","","","","","","","","","aiming","mood_aiming_1",""
"","","/e airforce01","Airforce - At Ease","ふつうの動作","","○","","","","","","","","airforce@at_ease","base"
"","","/e airforce02","Airforce - Attention","ふつうの動作","","○","","","","","","","","airforce@attention","base"
"","","/e airforce03","Airforce - Parade Rest","ふつうの動作","","○","","","","","","","","airforce@parade_rest","base"
"","","/e airforce04","Airforce - Salute","ふつうの動作","","○","","","","","","","salute","airforce@salute","base"
"","","/e airguitar","Air Guitar","ふつうの動作","○","","","","","","","","guitar","anim@mp_player_intcelebrationfemale@air_guitar","air_guitar"
"","","/e airplane","Air Plane","ふつうの動作","○","","○","","","","","","","missfbi1","ledge_loop"
"","","/e airportbag","Airport Bag","物を持つ","","","○","prop_suitcase_01c","","","","","","anim@heists@narcotics@trash","idle"
"","","/e airportbag2","Airport Bag 2 - Phone","物を持つ","","","○","prop_suitcase_03","","","","○","phone","suitcase_phone@dark","suitcase_phone_clip"
"","","/e airportbag3","Airport Bag 3 - Pose","物を持つ","","○","","prop_suitcase_03","","","","","","chocoholic@single63","single63_clip"
"","","/e airsynth","Air Synth","ふつうの動作","○","","","","","","","","","anim@mp_player_intcelebrationfemale@air_synth","air_synth"
"","","/walk Alien","Alien","歩き方","○","","","","","","","","","move_m@alien",""
"","","/mood Angry","Angry","表情","","","","","","","","","","mood_angry_1",""
"","","/e annoyed","Annoyed","ふつうの動作","","○","","","","","","","","missdocksshowoffcar@idle_a","idle_b_5"
"","","/e aphroditepose","Aphrodite Pose","ふつうの動作","","○","","","","","","","","aphrodite1@corbs","aphrodite1_clip"
"","","/e aphroditepose2","Aphrodite Pose 2","ふつうの動作","","○","","","","","","","","aphrodite2@corbs","aphrodite2_clip"
"","","/e aphroditepose3","Aphrodite Pose 3","ふつうの動作","","○","","","","","","","","aphrodite3@corbs","aphrodite3_clip"
"","","/e apple","Apple","物を持つ","","","○","sf_prop_sf_apple_01b","","","","","eat","mp_player_inteat@burger","mp_player_int_eat_burger"
"","","/e argue","Argue","ふつうの動作","○","","○","","","","","","","misscarsteal4@actor","actor_berating_loop"
"","","/e argue2","Argue 2","ふつうの動作","○","","○","","","","","","","oddjobs@assassinate@vice@hooker","argue_a"
"","","/e argue3","Argue 3","ふつうの動作","","","○","","","","","","","missheistdockssetup1leadinoutig_1","lsdh_ig_1_argue_wade"
"","","/e argue4","Argue 4","ふつうの動作","","","○","","","","","","","car_2_mcs_1-6","cs_devin_dual-6"
"","","/e argue5","Argue Angry 1","ふつうの動作","","","○","","","","","","fight","anim@amb@casino@brawl@fights@argue@","arguement_loop_mp_m_brawler_01"
"","","/e argue6","Argue Angry 2","ふつうの動作","","","○","","","","","","fight","anim@amb@casino@brawl@fights@argue@","arguement_loop_mp_m_brawler_02"
"","","/e argue7","Argue 7","ふつうの動作","","","○","","","","","","","mini@prostitutestalk","street_argue_f_a"
"","","/e argue8","Argue 8","ふつうの動作","","","○","","","","","","","rcmnigel1cnmt_1c","price_tag"
"","","/e argue9","Argue 9","ふつうの動作","","","○","","","","","","","mini@hookers_sp","idle_reject"
"","","/walk Armored","Armored","歩き方","○","","","","","","","","","anim_group_move_ballistic",""
"","","/e army1","Army 1","ふつうの動作","","○","","","","","","","","bzzz@animation@army1","bz_army1"
"","","/e army2","Army 2","ふつうの動作","","○","","","","","","","","bzzz@animation@army2","bz_army2"
"","","/e army1l","Army 1 Left","ふつうの動作","","○","","","","","","","","bzzz@animation@army1_left","bz_army1_left"
"","","/e army1p","Army 1 Right","ふつうの動作","","○","","","","","","","","bzzz@animation@army1_right","bz_army1_right"
"","","/e army2l","Army 2 Left","ふつうの動作","","○","","","","","","","","bzzz@animation@army2_left","bz_army2_left"
"","","/e army2p","Army 2 Right","ふつうの動作","","○","","","","","","","","bzzz@animation@army2_right","bz_army2_right"
"","","/walk Arrogant","Arrogant","歩き方","○","","","","","","","","","move_f@arrogant@a",""
"","","/e aslcya","ASL See Ya 🇺🇸","ふつうの動作","","","○","","","","","","","ebrwny_sign","ebrwny_seeya"
"","","/e aslimgood","ASL I Am Good 🇺🇸","ふつうの動作","","","○","","","","","","","ebrwny_sign","ebrwny_imgood"
"","","/e aslno","ASL No 🇺🇸","ふつうの動作","","","○","","","","","","","ebrwny_sign","ebrwny_no"
"","","/e aslwhat","ASL What 🇺🇸","ふつうの動作","","","○","","","","","","","ebrwny_sign","ebrwny_what"
"","","/e aslyes","ASL Yes 🇺🇸","ふつうの動作","","","○","","","","","","","ebrwny_sign","ebrwny_yes"
"","","/e atm","ATM","ふつうの動作","○","","","","","","","","","Scenario:SCENARIO","PROP_HUMAN_ATM"
"","","/e axe","Axe","物を持つ","","","○","prop_tool_fireaxe","","","","","","rcmnigel1d","base_club_shoulder"
"","","/e axe2","Axe - Ground Impact","物を持つ","","○","","prop_tool_fireaxe","","","","","melee","melee@large_wpn@streamed_core","ground_attack_on_spot"
"","","/e axe3","Axe - Pickaxe","物を持つ","","","○","prop_tool_pickaxe","","","","","","rcmnigel1d","base_club_shoulder"
"","","/e axe4","Axe - Pickaxe Ground Impact","物を持つ","","○","","prop_tool_pickaxe","","","","","melee","melee@large_wpn@streamed_core","ground_attack_on_spot"
"","","/e backpack","Backpack","物を持つ","○","","○","p_michael_backpack_s","","","","","","move_p_m_zero_rucksack","nill"
"","","/e baddiebendova","Baddie Bendova Pose","ふつうの動作","","○","","","","","","","","bendova@animation","bendova_clip"
"","","/e baddiegyat","Baddie Gyat Selfie","物を持つ","","○","","prop_phone_ing","","","","","","baddiegyat","baddiegyat_clip"
"","","/e baddienailpose","Baddie Nail Pose","ふつうの動作","","○","","","","","","","","nailpose@animation","nailpose_clip"
"","","/e baddiepeace","Baddie Peace Pose","ふつうの動作","","○","","","","","","","","41animpeacebaddie@animation","41animpeacebaddie_clip"
"","","/e bagel","Bagel","物を持つ","","","○","p_ing_bagel_01","","","","","eat","mp_player_inteat@burger","mp_player_int_eat_burger"
"","","/e balloon","Balloon","物を持つ","","","○","heart_balloon","","","","","","anim@heists@humane_labs@finale@keycards","ped_a_enter_loop"
"","","/e balloon2","Balloon 2 - Pride","物を持つ","","","○","pride_heart_balloon","","","","","","anim@heists@humane_labs@finale@keycards","ped_a_enter_loop"
"","","/e bang","Bang Bang","ふつうの動作","","","","","","","","","","anim@mp_player_intcelebrationfemale@bang_bang","bang_bang"
"","","/e bark","Bark","ふつうの動作","○","","","","","","","","","random@peyote@dog","wakeup"
"","","/e bartender","Bartender","ふつうの動作","○","","○","","","","","","drink","anim@amb@clubhouse@bar@drink@idle_a","idle_a_bartender"
"","","/e baseball","Baseball","2人でやる","○","","","","baseballthrow","","","","","anim@arena@celeb@flat@paired@no_props@","baseball_a_player_a"
"","","/e baseballthrow","Baseball Throw","2人でやる","○","","","","baseball","","","","","anim@arena@celeb@flat@paired@no_props@","baseball_a_player_b"
"","","/e basket","Basket","物を持つ","","","○","bzzz_prop_shop_basket_a","","","","","","missfbi4prepp1","idle"
"","","/e basket2","Basket 2","物を持つ","","","○","bzzz_prop_shop_basket_b","","","","","","missfbi4prepp1","idle"
"","","/e batontwirl","Baton Twirl","物を持つ","","○","","w_me_nightstick","","","","","","anim@mp_player_intuppermale@baton_twirl","idle_a"
"","","/e bball","Basketball Hold","物を持つ","","","○","prop_bskball_01","","","","","","anim@male_bskball_hold","bskball_hold_clip"
"","","/e bball2","Basketball Pose","物を持つ","","","○","prop_bskball_01","","","","","","anim@male_bskball_photo_pose","photo_pose_clip"
"","","/e bball3","Basketball Hold 2","物を持つ","","","○","prop_bskball_01","","","","","","anim@male_basketball_03","m_basketball_03_clip"
"","","/e bball4","Basketball Hold 3","物を持つ","","○","","prop_bskball_01","","","","","","mx@pose2","mx_clippose2"
"","","/e bball5","Basketball Drive Pose","物を持つ","","○","","prop_bskball_01","","","","","","cover@weapon@grenade","hi_r_cook"
"","","/e bbat","Baseball Bat Pose","物を持つ","","○","","p_cs_bbbat_01","","","","","","bat@sel","bat_clip"
"","","/e bbq","BBQ","ふつうの動作","○","","","","","","","","","Scenario:MALE","PROP_HUMAN_BBQ"
"","","/e bbqf","BBQ (Female)","物を持つ","","","○","prop_fish_slice_01","","","","","","amb@prop_human_bbq@male@idle_a","idle_b"
"","","/e bdogbark","Bark (big dog)","動物のとき限定","","○","","","","","","","eat","creatures@rottweiler@amb@world_dog_barking@idle_a","idle_a"
"","","/e bdogbark2","Bark (big dog - retriever)","動物のとき限定","","○","","","","","","","eat","creatures@retriever@amb@world_dog_barking@idle_a","idle_a"
"","","/e bdogbeg","Beg (big dog)","動物のとき限定","","○","","","","","","","eat","creatures@rottweiler@tricks@","beg_loop"
"","","/e bdogbeg2","Beg 2 (big dog)","動物のとき限定","","○","","","","","","","eat","creatures@rottweiler@tricks@","paw_right_loop"
"","","/e bdogeat","Beg 2 (big dog)","動物のとき限定","","○","","","","","","","eat","anim@scripted@tycoon@bt1@ig6_dog_eat@dog@","loop_dog"
"","","/e bdogexcited","Excited (big dog - retriever)","動物のとき限定","","○","","","","","","","eat","creatures@retriever@amb@world_dog_barking@idle_a","idle_c"
"","","/e bdogfhump","Female Hump (big dog)","動物のとき限定","","○","","","","","○","","eat","creatures@rottweiler@amb@","hump_loop_ladydog"
"","","/e bdogfris","Frisbee (big dog)","動物のとき限定","","","○","p_ld_frisbee_01","","","","","eat sitting","creatures@rottweiler@amb@world_dog_sitting@base","nill"
"","","/e bdogfw","Firework - Big Dog","動物のとき限定","","","○","ind_prop_firework_01","","","","○","eat sitting","creatures@rottweiler@amb@world_dog_sitting@base","nill"
"","","/e bdogglowa","Glow Stick (big dog)","動物のとき限定","","","○","ba_prop_battle_glowstick_01","","","","","eat sitting","creatures@rottweiler@amb@world_dog_sitting@base","nill"
"","","/e bdogglowb","Glow Stick Sitting (big dog)","動物のとき限定","","○","","ba_prop_battle_glowstick_01","","","","","eat sitting","creatures@rottweiler@amb@world_dog_sitting@base","base"
"","","/e bdogindicateahead","Indicate Ahead (big dog)","動物のとき限定","","○","","","","","","","eat","creatures@rottweiler@indication@","indicate_ahead"
"","","/e bdogindicatehigh","Indicate High (big dog)","動物のとき限定","","○","","","","","","","eat","creatures@rottweiler@indication@","indicate_high"
"","","/e bdogindicatelow","Indicate Low (big dog)","動物のとき限定","","○","","","","","","","eat","creatures@rottweiler@indication@","indicate_low"
"","","/e bdogitch","Itch (big dog)","動物のとき限定","","","","","","","","","eat sitting","creatures@rottweiler@amb@world_dog_sitting@idle_a","idle_a"
"","","/e bdoglayleft","Lay Left (big dog)","動物のとき限定","","○","","","","","","","eat","creatures@rottweiler@move","dead_left"
"","","/e bdoglayright","Lay Right (big dog)","動物のとき限定","","○","","","","","","","eat","creatures@rottweiler@move","dead_right"
"","","/e bdogmhump","Male Hump (big dog)","動物のとき限定","","○","","","","","○","","eat","creatures@rottweiler@amb@","hump_loop_chop"
"","","/e bdogpee","Pee (big dog)","動物のとき限定","","○","","","","","","○","eat","creatures@rottweiler@move","pee_left_idle"
"","","/e bdogpee2","Pee 2 (big dog)","動物のとき限定","","○","","","","","","○","eat","creatures@rottweiler@move","pee_right_idle"
"","","/e bdogpridea","Sit Pride A (big dog)","動物のとき限定","","○","","lilprideflag1","","","","","eat sitting","creatures@rottweiler@amb@world_dog_sitting@base","base"
"","","/e bdogprideb","Sit Pride B - LGBTQIA (big dog)","動物のとき限定","","○","","lilprideflag2","","","","","eat sitting","creatures@rottweiler@amb@world_dog_sitting@base","base"
"","","/e bdogpridec","Sit Pride C - Bisexual (big dog)","動物のとき限定","","○","","lilprideflag3","","","","","eat sitting","creatures@rottweiler@amb@world_dog_sitting@base","base"
"","","/e bdogprided","Sit Pride D - Lesbian (big dog)","動物のとき限定","","○","","lilprideflag4","","","","","eat sitting","creatures@rottweiler@amb@world_dog_sitting@base","base"
"","","/e bdogpridee","Sit Pride E - Pansexual (big dog)","動物のとき限定","","○","","lilprideflag5","","","","","eat sitting","creatures@rottweiler@amb@world_dog_sitting@base","base"
"","","/e bdogpridef","Sit Pride F - Transgender  (big dog)","動物のとき限定","","○","","lilprideflag6","","","","","eat sitting","creatures@rottweiler@amb@world_dog_sitting@base","base"
"","","/e bdogprideg","Sit Pride G - Non Binary (big dog)","動物のとき限定","","○","","lilprideflag7","","","","","eat sitting","creatures@rottweiler@amb@world_dog_sitting@base","base"
"","","/e bdogprideh","Sit Pride H - Asexual (big dog)","動物のとき限定","","○","","lilprideflag8","","","","","eat sitting","creatures@rottweiler@amb@world_dog_sitting@base","base"
"","","/e bdogpridei","Sit Pride I - Straight Ally (big dog)","動物のとき限定","","○","","lilprideflag9","","","","","eat sitting","creatures@rottweiler@amb@world_dog_sitting@base","base"
"","","/e bdogshit","Shit (big dog)","動物のとき限定","","○","","","","","","○","eat","creatures@rottweiler@move","dump_loop"
"","","/e bdogsit","Sit (big dog)","動物のとき限定","","○","","","","","","","eat sitting","creatures@rottweiler@amb@world_dog_sitting@base","base"
"","","/e bdogsitcar","Sit in car (big dog)","動物のとき限定","","","","","","車の中だけ","","","eat","creatures@rottweiler@incar@","sit"
"","","/e bdogsleep","Sleep (big dog)","動物のとき限定","","○","","","","","","","eat sleep","creatures@rottweiler@amb@sleep_in_kennel@","sleep_in_kennel"
"","","/e beachbag","Beach Bag","物を持つ","","","○","prop_beachbag_05","","","","","","move_weapon@jerrycan@generic","idle"
"","","/e beachbag2","Beach Bag 2","物を持つ","","","○","prop_beachbag_06","","","","","","move_weapon@jerrycan@generic","idle"
"","","/e beachbag3","Beach Bag 3","物を持つ","","","○","prop_beachbag_01","","","","","","move_weapon@jerrycan@generic","idle"
"","","/e beachring","Beach Floatie Thingy","物を持つ","","","○","prop_beach_ring_01","","","","","","beachanims@free","beachanim_clip"
"","","/e beans","Beans","物を持つ","","","○","h4_prop_h4_caviar_tin_01a","","","","","","anim@scripted@island@special_peds@pavel@hs4_pavel_ig5_caviar_p1","base_idle"
"","","/e beast","Beast","ふつうの動作","○","","○","","","","","","","anim@mp_fm_event@intro","beast_transform"
"","","/e beer","Beer","物を持つ","○","","○","prop_amb_beer_bottle","","","","","drinking drink","amb@world_human_drinking@beer@male@idle_a","idle_c"
"","","/e beer2","Beer 2","物を持つ","","","○","prop_amb_beer_bottle","","","","","drinking drink","amb@world_human_drinking@beer@male@idle_a","idle_c"
"","","/e beer3","Beer 3","物を持つ","","","○","p_cs_bottle_01","","","","","drinking drink","amb@world_human_drinking@beer@male@idle_a","idle_a"
"","","/e beer4","Beer 4 - Pour One Out For The Homies","物を持つ","","","○","p_cs_bottle_01","","","","","drinking drink","amb@world_human_drinking@beer@male@idle_a","idle_b"
"","","/e beer5","Beer 5","物を持つ","","","○","p_cs_bottle_01","","","","","drinking drink","amb@world_human_drinking@beer@male@idle_a","idle_c"
"","","/e beerbox","Beer Box 1","物を持つ","","","○","v_ret_ml_beerdus","","","","","","move_weapon@jerrycan@generic","idle"
"","","/e beerbox2","Beer Box 2","物を持つ","","","○","v_ret_ml_beeram","","","","","","move_weapon@jerrycan@generic","idle"
"","","/e beerbox3","Beer Box 3","物を持つ","","","○","v_ret_ml_beerpride","","","","","","move_weapon@jerrycan@generic","idle"
"","","/e beerbox4","Beer Box 4","物を持つ","","","○","v_ret_ml_beerbar","","","","","","move_weapon@jerrycan@generic","idle"
"","","/e beercan","Beer Can","物を持つ","","","○","v_res_tt_can01","","","","","drinking drink","amb@world_human_drinking@coffee@male@idle_a","idle_c"
"","","/e beercan2","Beer Can 2","物を持つ","","","○","v_res_tt_can02","","","","","drinking drink","amb@world_human_drinking@coffee@male@idle_a","idle_c"
"","","/e beercan3","Beer Can 3","物を持つ","","","○","h4_prop_h4_can_beer_01a","","","","","drinking drink","amb@world_human_drinking@coffee@male@idle_a","idle_c"
"","","/e beerf","Beer Female","物を持つ","","","○","prop_amb_beer_bottle","","","","","drinking drink","amb@world_human_drinking@beer@female@idle_a","idle_a"
"","","/e beerf3","Beer Female 3","物を持つ","","○","","prop_amb_beer_bottle","","","","","drinking drink","amb@world_human_drinking@beer@female@idle_a","idle_a"
"","","/e beerf4","Beer Female 4","物を持つ","","○","","prop_amb_beer_bottle","","","","","","fix_stu_ext-1","a_f_y_studioparty_01^1_dual-1"
"","","/e beerf5","Beer Female 5","物を持つ","","○","","prop_amb_beer_bottle","","","","","drink","anim@scripted@freemode_npc@fix_dre_studio_entourage_b@","stand_drink_cup_female_a_base"
"","","/e beg","Beg","物を持つ","○","","○","prop_beggers_sign_03","","","","","","amb@world_human_bum_freeway@male@base","base"
"","","/e beg2","Beg 2","物を持つ","","","○","prop_beggers_sign_01","","","","","","amb@world_human_bum_freeway@male@base","base"
"","","/e beg3","Beg 3","物を持つ","","","○","prop_beggers_sign_02","","","","","","amb@world_human_bum_freeway@male@base","base"
"","","/e beg4","Beg 4","物を持つ","","","○","prop_beggers_sign_04","","","","","","amb@world_human_bum_freeway@male@base","base"
"","","/e bend","Bend over","ふつうの動作","","","○","","","車の外だけ","","","","ebrwny_pack000","ebrwny_bend"
"","","/e bestfriends","Best Friends 1","2人でやる","","○","","","bestfriends2","","","","","mrwitt@casual_composure_female01","mrwitt"
"","","/e bestfriends2","Best Friends 2","2人でやる","","○","","","bestfriends","","","","","mrwitt@casual_composure_female02","mrwitt"
"","","/e bff","BFF Pose","2人でやる","","○","","","bffb","","","","","anim@male_couple_03_b","m_couple_03_b_clip"
"","","/e bffb","BFF Pose 2","2人でやる","","○","","","bff","","","","","anim@female_couple_03_b","f_couple_03_b_clip"
"","","/walk Bigfoot","Bigfoot","歩き方","","","","","","","","","lean","move_characters@orleans@core@",""
"","","/e binoculars","Binoculars","物を持つ","","","○","prop_binoc_01","","","","","","amb@world_human_binoculars@male@idle_b","idle_f"
"","","/e binoculars2","Binoculars 2","物を持つ","","","○","prop_binoc_01","","","","","","amb@world_human_binoculars@male@idle_a","idle_c"
"","","/e bird","Bird","ふつうの動作","○","","","","","","","","","random@peyote@bird","wakeup"
"","","/e block","Block Face","ふつうの動作","","","○","","","","","","","missheist_agency3ashield_face","idle"
"","","/e blowkiss","Blow Kiss","ふつうの動作","○","","","","","","","","kiss","anim@mp_player_intcelebrationfemale@blow_kiss","blow_kiss"
"","","/e blowkiss2","Blow Kiss 2","ふつうの動作","○","","○","","","","","","kiss","anim@mp_player_intselfieblow_kiss","exit"
"","","/e boba","Boba","物を持つ","","","○","scully_boba","","","","","drinking drink","amb@world_human_drinking@coffee@male@idle_a","idle_c"
"","","/e boba2","Boba 2","物を持つ","","","○","scully_boba2","","","","","drinking drink","amb@world_human_drinking@coffee@male@idle_a","idle_c"
"","","/e boba3","Boba 3","物を持つ","","","○","scully_boba3","","","","","drinking drink","amb@world_human_drinking@coffee@male@idle_a","idle_c"
"","","/e boi","BOI","ふつうの動作","○","","○","","","","","","","special_ped@jane@monologue_5@monologue_5c","brotheradrianhasshown_2"
"","","/e bonesaw","Bonesaw","物を持つ","","","○","prop_bonesaw","","","","","","anim@heists@humane_labs@finale@keycards","ped_a_enter_loop"
"","","/e bong","Bong","物を持つ","○","","○","prop_bong_01","","","","○","","anim@safehouse@bong","bong_stage3"
"","","/e bong2","Bong 2","物を持つ","","","○","xm3_prop_xm3_bong_01a","","","","○","","anim@safehouse@bong","bong_stage3"
"","","/e bong3","Bong 3 - Sit & Rip","物を持つ","","○","","prop_bong_01","","","","○","","sit_bong@dark","sit_bong_clip"
"","","/e bong4","Bong 4 - Sit & Rip Purple","物を持つ","","○","","xm3_prop_xm3_bong_01a","","","","○","","sit_bong@dark","sit_bong_clip"
"","","/e bongos","Bongo Drums","物を持つ","","","○","prop_bongos_01","","","","","","amb@world_human_musician@bongos@male@base","base"
"","","/e book","Book","物を持つ","○","","○","prop_novel_01","","","","","phone","cellphone@","cellphone_text_read_base"
"","","/e bookb","Book 2","物を持つ","","","○","prop_cs_book_01","","","","","","holding_book_1@dark","holding_book_1_clip"
"","","/e bookc","Book 3","物を持つ","","","○","prop_michael_backpack","","","","","","holding_book_2@dark","holding_book_2_clip"
"","","/e bookd","Book 4","物を持つ","","","○","prop_cs_stock_book","","","","","","holding_book_3@dark","holding_book_3_clip"
"","","/e booke","Book 5","物を持つ","","","○","prop_cs_stock_book","","","","","","holding_book_4@dark","holding_book_4_clip"
"","","/e bookf","Book 6","物を持つ","","○","","v_ilev_mp_bedsidebook","","","","","","holding_book_5@dark","holding_book_5_clip"
"","","/e boombox","Boombox","物を持つ","","","○","prop_boombox_01","","","","","","move_weapon@jerrycan@generic","idle"
"","","/e boombox2","Boombox 2","物を持つ","","","○","prop_cs_sol_glasses","","","","","","molly@boombox1","boombox1_clip"
"","","/e bouquet","Bouquet","物を持つ","○","","○","prop_snow_flower_02","","","","","","hold_flowers@dad","hold_flowers_clip"
"","","/e bouquet2","Bouquet 2","物を持つ","","","○","pata_freevalentinesday3","","","","","","hold_flowers@dad","hold_flowers_clip"
"","","/e bow","Bow","ふつうの動作","○","","○","","","","","","","anim@arena@celeb@podium@no_prop@","regal_c_1st"
"","","/e bow2","Bow 2","ふつうの動作","○","","○","","","","","","","anim@arena@celeb@podium@no_prop@","regal_a_1st"
"","","/e box","Box","物を持つ","○","","○","hei_prop_heist_box","","","","","","anim@heists@box_carry@","idle"
"","","/e boxdance","Boxing Dance Solo","ダンス","","○","","","","","","","nightclub","anim@amb@nightclub@mini@dance@dance_solo@beach_boxing@","med_right_down"
"","","/e boxing","Boxing","ふつうの動作","○","","○","","","","","","","anim@mp_player_intcelebrationmale@shadow_boxing","shadow_boxing"
"","","/e boxing2","Boxing 2","ふつうの動作","○","","○","","","","","","","anim@mp_player_intcelebrationfemale@shadow_boxing","shadow_boxing"
"","","/e boxing3","Boxing 3","ふつうの動作","","○","","","","","","","melee","melee@unarmed@streamed_core_fps","idle"
"","","/walk Brave","Brave","歩き方","○","","","","","","","","","move_m@brave",""
"","","/walk Brave2","Brave 2","歩き方","","","","","","","","","","move_m@brave@a",""
"","","/walk Brave3","Brave 3","歩き方","","","","","","","","","","move_m@brave@b",""
"","","/e brief","Briefcase","物を持つ","","","○","prop_ld_case_01","","","","","","move_weapon@jerrycan@generic","idle"
"","","/e brief2","Briefcase 2","物を持つ","","","○","prop_ld_case_01","","","","","phone","missheistdocksprep1hold_cellphone","static"
"","","/e bringiton","Bring It On","ふつうの動作","○","","○","","","","","","","misscommon@response","bring_it_on"
"","","/e bro","Bro","2人でやる","○","","","","bro2","","","","","mp_ped_interaction","hugs_guy_a"
"","","/e bro2","Bro 2","2人でやる","○","","","","bro","","","","","mp_ped_interaction","hugs_guy_b"
"","","/e broom","Broom","物を持つ","","○","","prop_tool_broom","","","","","","anim@amb@drug_field_workers@rake@male_a@base","base"
"","","/e broom2","Broom 2","物を持つ","","○","","prop_tool_broom","","","","","","anim@amb@drug_field_workers@rake@male_a@idles","idle_b"
"","","/e broom3","Broom 3","物を持つ","","○","","prop_tool_broom","","","","","","anim@amb@drug_field_workers@rake@male_b@base","base"
"","","/e broom4","Broom 4","物を持つ","","○","","prop_tool_broom","","","","","","anim@amb@drug_field_workers@rake@male_b@idles","idle_d"
"","","/e brushteeth","Brush Teeth","物を持つ","","","○","prop_toothbrush_01","","","","","eat","mp_player_inteat@pnq","loop_fp"
"","","/e bumbin","Bum Bin","ふつうの動作","○","","","","","","","","","Scenario:SCENARIO","PROP_HUMAN_BUM_BIN"
"","","/e bumsleep","Bum Sleep","ふつうの動作","○","○","","","","車の外だけ","","","","amb@world_human_bum_slumped@male@laying_on_left_side@idle_a","idle_b"
"","","/e burger","Burger","物を持つ","○","","○","prop_cs_burger_01","","","","","eat","mp_player_inteat@burger","mp_player_int_eat_burger"
"","","/e burgerpose","Burger - Pose","物を持つ","","","○","prop_cs_burger_01","","","","","","brugershot_dark_fixed@dark","brugershot_dark_fixed_clip"
"","","/mood Burning","Burning","表情","","","","","","","","","","burning_1",""
"","","/e businessbag","Business Bag","物を持つ","","","○","prop_med_bag_01b","","","","","","mrwitt@dark_appearance_with_bag_male","mrwitt"
"","","/e businessbag2","Business Bag - Pose","物を持つ","","○","","prop_med_bag_01b","","","","","","mrwitt@dark_appearance_with_bag_male","mrwitt"
"","","/walk Butch","Butch","歩き方","","","","","","","","","","move_m@hurry_butch@a",""
"","","/walk Butch2","Butch 2","歩き方","","","","","","","","","","move_m@hurry_butch@b",""
"","","/walk Butch3","Butch 3","歩き方","","","","","","","","","","move_m@hurry_butch@c",""
"","","/e buzz","Buzz Door","ふつうの動作","","","","","","","","","","anim@apt_trans@buzzer","buzz_reg"
"","","/walk Buzzed","Buzzed","歩き方","","","","","","","","","","move_m@buzzed",""
"","","/e cake","Birthday Cake","物を持つ","","","○","bzzz_prop_cake_birthday_001","","","","","","anim@heists@box_carry@","idle"
"","","/e cake2","Baby Cake","物を持つ","","","○","bzzz_prop_cake_baby_001","","","","","","anim@heists@box_carry@","idle"
"","","/e cake3","Casino Cake","物を持つ","","","○","bzzz_prop_cake_casino001","","","","","","anim@heists@box_carry@","idle"
"","","/e cake4","Love Cake","物を持つ","","","○","bzzz_prop_cake_love_001","","","","","","anim@heists@box_carry@","idle"
"","","/e cake5","Unicorn Cake","物を持つ","","","○","pata_cake","","","","","","anim@heists@box_carry@","idle"
"","","/e cake6","Pride Cake","物を持つ","","","○","pata_cake2","","","","","","anim@heists@box_carry@","idle"
"","","/e cake7","Chocolate Mud Cake","物を持つ","","","○","pata_cake3","","","","","","anim@heists@box_carry@","idle"
"","","/e cakew","Cake Waiter - Birthday","物を持つ","","","○","bzzz_prop_cake_birthday_001","","","","","","anim@move_f@waitress","idle"
"","","/e cakew2","Cake Waiter - Baby","物を持つ","","","○","bzzz_prop_cake_baby_001","","","","","","anim@move_f@waitress","idle"
"","","/e cakew3","Cake Waiter - Casino","物を持つ","","","○","bzzz_prop_cake_casino001","","","","","","anim@move_f@waitress","idle"
"","","/e cakew4","Cake Waiter - Love","物を持つ","","","○","bzzz_prop_cake_love_001","","","","","","anim@move_f@waitress","idle"
"","","/e cakew5","Cake Waiter - Unicorn","物を持つ","","","○","pata_cake","","","","","","anim@move_f@waitress","idle"
"","","/e cakew6","Cake Waiter - Pride","物を持つ","","","○","pata_cake2","","","","","","anim@move_f@waitress","idle"
"","","/e cakew7","Cake Waiter - Chocolate Mud","物を持つ","","","○","pata_cake3","","","","","","anim@move_f@waitress","idle"
"","","/e calldog","Call Dog","ふつうの動作","","○","","","","","","","","switch@franklin@plays_w_dog","001916_01_fras_v2_9_plays_w_dog_idle"
"","","/e calldogl","Call Dog - Left","ふつうの動作","","","","","","","","","","missfra0_chop_find","call_chop_l"
"","","/e calldogr","Call Dog - Right","ふつうの動作","","","","","","","","","","missfra0_chop_find","call_chop_r"
"","","/e camera","Camera","物を持つ","○","","○","prop_pap_camera_01","","","","○","","stand_camera_1@dad","stand_camera_1_clip"
"","","/e camera2","Camera 2","物を持つ","","","○","prop_pap_camera_01","","","","○","","amb@world_human_paparazzi@male@base","base"
"","","/e camera3","Camera 3","物を持つ","","","○","prop_ing_camera_01","","","","○","phone","cellphone@female","cellphone_text_read_base_cover_low"
"","","/e camera4","Camera 4","物を持つ","","","○","prop_ing_camera_01","","","","○","","chocoholic@single110a","single110a_clip"
"","","/e camera5","Camera 5","物を持つ","","","○","prop_ing_camera_01","","","","○","","chocoholic@single110b","single110b_clip"
"","","/e camera6","Camera 6 - Carry News Camera","物を持つ","","","○","prop_v_cam_01","","","","","","move_weapon@jerrycan@generic","idle"
"","","/e cameraphotography","Camera Photography","物を持つ","","","○","prop_pap_camera_01","","","","○","","mrwitt@photographic_journey_f","mrwitt"
"","","/e candle","Candle","物を持つ","","","○","v_res_fa_candle04","","","","○","","special_ped@griff@base","base"
"","","/e candy","Candy","物を持つ","","","○","prop_candy_pqs","","","","","eat","mp_player_inteat@pnq","loop"
"","","/e candyapple","Candy Apple","物を持つ","","","○","apple_1","","","","","","anim@heists@humane_labs@finale@keycards","ped_a_enter_loop"
"","","/e candycane","Xmas Candy Cane - Red","物を持つ","","","○","bzzz_food_xmas_lollipop_a","","","","","eat","mp_player_inteat@burger","mp_player_int_eat_burger"
"","","/e candycaneb","Xmas Candy Cane - Green","物を持つ","","","○","bzzz_food_xmas_lollipop_b","","","","","eat","mp_player_inteat@burger","mp_player_int_eat_burger"
"","","/e candycanec","Xmas Candy Cane - Purple","物を持つ","","","○","bzzz_food_xmas_lollipop_c","","","","","eat","mp_player_inteat@burger","mp_player_int_eat_burger"
"","","/e candycaned","Xmas Candy Cane - Yellow","物を持つ","","","○","bzzz_food_xmas_lollipop_d","","","","","eat","mp_player_inteat@burger","mp_player_int_eat_burger"
"","","/e candycanee","Xmas Candy Cane - Blue","物を持つ","","","○","bzzz_food_xmas_lollipop_e","","","","","eat","mp_player_inteat@burger","mp_player_int_eat_burger"
"","","/e capoeira","Capoeira","ふつうの動作","","○","","","","","","","nightclub","anim@amb@nightclub@mini@dance@dance_solo@techno_karate@","med_right"
"","","/e capoeira2","Capoeira 2","ふつうの動作","","○","","","","","","","nightclub","anim@amb@nightclub@mini@dance@dance_solo@techno_karate@","high_right_down"
"","","/e carry","Carry","2人でやる","","","○","","carry2","","","","","missfinale_c2mcs_1","fin_c2_mcs_1_camman"
"","","/e carry2","Be carried","2人でやる","","○","","","carry","","","","","nm","firemans_carry"
"","","/e carry3","Carry 2","2人でやる","","","○","","carry4","","","","","anim@heists@box_carry@","idle"
"","","/e carry4","Be carried 2","2人でやる","","○","","","carry3","","","","","amb@code_human_in_car_idles@generic@ps@base","base"
"","","/e carrycmg","Carry Me Cute 3","2人でやる","","○","","","carrycmg2","","","","","couplepose1cmg@animation","couplepose1cmg_clip"
"","","/e carrycmg2","Carry Me Cute 4","2人でやる","","○","","","carrycmg","","","","","couplepose2cmg@animation","couplepose2cmg_clip"
"","","/e carryextinguisher","Firefighter Extinguisher","物を持つ","","","○","prop_fire_exting_1a","","","","","","amb@lo_res_idles@","world_human_musician_bongos_lo_res_base"
"","","/e carryfoodbag","Carry Food Bag","物を持つ","","","○","prop_food_bs_bag_01","","","","","","move_weapon@jerrycan@generic","idle"
"","","/e carryfoodbag2","Carry Food Bag 2","物を持つ","","","○","prop_food_cb_bag_01","","","","","","move_weapon@jerrycan@generic","idle"
"","","/e carryfoodbag3","Carry Food Bag 3","物を持つ","","","○","prop_food_bag1","","","","","","move_weapon@jerrycan@generic","idle"
"","","/e carrymecute","Carry Me Cute","2人でやる","","","○","","carrymecute2","","","","","amnilka@photopose@couple@couplefirst","amnilka_couple_mal_002"
"","","/e carrymecute2","Carry Me Cute 2","2人でやる","","○","","","carrymecute","","","","","amnilka@photopose@couple@couplefirst","amnilka_couple_fem_002"
"","","/e carrypizza","Carry Pizza Box","物を持つ","","","○","prop_pizza_box_02","","","","","","anim@heists@box_carry@","idle"
"","","/e cartaunt","Car Taunt","ふつうの動作","","","","","","車の中だけ","","","","missarmenian1driving_taunts@lamar_1","cmonfrank"
"","","/e cartauntb","Car Taunt 2","ふつうの動作","","","","","","車の中だけ","","","","missarmenian1driving_taunts@lamar_1","cmonmynigga"
"","","/e cartauntc","Car Taunt 3","ふつうの動作","","","","","","車の中だけ","","","","missarmenian1driving_taunts@lamar_1","hahahakeepup"
"","","/e cartauntd","Car Taunt 4","ふつうの動作","","","","","","車の中だけ","","","","missarmenian1driving_taunts@lamar_1","manthisismeanttobe"
"","","/e cartaunte","Car Taunt 5","ふつうの動作","","","","","","車の中だけ","","","","missarmenian1driving_taunts@lamar_1","rememberthis"
"","","/e cartauntf","Car Taunt 6","ふつうの動作","","","","","","車の中だけ","","","","missarmenian1driving_taunts@lamar_1","skoolinyoass"
"","","/e cartauntg","Car Taunt 7","ふつうの動作","","","","","","車の中だけ","","","","missarmenian1driving_taunts@lamar_1","youaintfuckin"
"","","/e cartaunth","Car Taunt 8","ふつうの動作","","","","","","車の中だけ","","","","missarmenian1driving_taunts@franklin","heyidontneedanybody"
"","","/e cartaunti","Car Taunt 9","ふつうの動作","","","","","","車の中だけ","","","","missarmenian1driving_taunts@franklin","heymotherfuckayoudriveslowasfuck"
"","","/e cartauntj","Car Taunt 10","ふつうの動作","","","","","","車の中だけ","","","","missarmenian1driving_taunts@franklin","kids_on_bicycles"
"","","/e cartauntk","Car Taunt 11","ふつうの動作","","","","","","車の中だけ","","","","missarmenian1driving_taunts@franklin","learnhowtouseastick"
"","","/e cartauntl","Car Taunt 12","ふつうの動作","","","","","","車の中だけ","","","","missarmenian1driving_taunts@franklin","slowassshit"
"","","/e cartauntm","Car Taunt 13","ふつうの動作","","","","","","車の中だけ","","","","mp_intro_seq@mcs_7_race_taunt","mcs_7_taunt_female"
"","","/e cartauntn","Car Taunt 14","ふつうの動作","","","","","","車の中だけ","","","","mp_intro_seq@mcs_7_race_taunt","mcs_7_taunt_male"
"","","/walk Casey","Casey","歩き方","","","","","","","","","","move_casey",""
"","","/e cashbox","Cash Box","物を持つ","","","○","m23_1_prop_m31_cashbox_01a","","","","","","move_weapon@jerrycan@generic","idle"
"","","/e cashcase","Cash Briefcase","物を持つ","","","○","bkr_prop_biker_case_shut","","","","","","move_weapon@jerrycan@generic","idle"
"","","/e cashcase2","Cash Briefcase 2","物を持つ","","","○","prop_cash_case_01","","","","","","anim@heists@box_carry@","idle"
"","","/e cashcase3","Cash Briefcase 3","物を持つ","","","○","prop_cash_case_02","","","","","","anim@heists@box_carry@","idle"
"","","/e cashcase4","Cash Briefcase 4 - Diamonds","物を持つ","","","○","ch_prop_ch_security_case_01a","","","","","","anim@heists@box_carry@","idle"
"","","/walk Casual","Casual","歩き方","○","","","","","","","","","move_m@casual@a",""
"","","/walk Casual2","Casual 2","歩き方","○","","","","","","","","","move_m@casual@b",""
"","","/walk Casual3","Casual 3","歩き方","○","","","","","","","","","move_m@casual@c",""
"","","/walk Casual4","Casual 4","歩き方","○","","","","","","","","","move_m@casual@d",""
"","","/walk Casual5","Casual 5","歩き方","○","","","","","","","","","move_m@casual@e",""
"","","/walk Casual6","Casual 6","歩き方","○","","","","","","","","","move_m@casual@f",""
"","","/e catlayobserve","Lay and Watch (Cat)","動物のとき限定","","○","","","","","","","eat sleep","creatures@cat@amb@world_cat_sleeping_ledge@idle_a","idle_a"
"","","/e catlaywatch","Lay and Watch 2 (Cat)","動物のとき限定","","○","","","","","","","eat sleep","amb@lo_res_idles@","creatures_world_cat_ledge_sleep_lo_res_base"
"","","/e catpanic","Panic (Cat)","動物のとき限定","","","","","","","","","eat sleep","creatures@cat@amb@world_cat_sleeping_ground@exit","exit_panic"
"","","/e catpensive","Pensive (Cat)","動物のとき限定","","○","","","","","","","eat","creatures@cat@move","idle_dwn"
"","","/e catplaydead","Play Dead (Cat)","動物のとき限定","","○","","","","","","","eat","creatures@cat@move","dead_left"
"","","/e catplaydead2","Play Dead 2 (Cat)","動物のとき限定","","○","","","","","","","eat","creatures@cat@move","dying"
"","","/e catshuffleleft","Shuffle Left (Cat)","動物のとき限定","","○","","","","","","","eat","creatures@cat@step","step_lft"
"","","/e catshuffleright","Shuffle Right (Cat)","動物のとき限定","","○","","","","","","","eat","creatures@cat@step","step_rgt"
"","","/e catsleep","Sleep (Cat)","動物のとき限定","","○","","","","","","","eat sleep","amb@lo_res_idles@","creatures_world_cat_ground_sleep_lo_res_base"
"","","/e catsleep2","Sleep 2 (Cat)","動物のとき限定","","○","","","","","","","eat sleep","creatures@cat@amb@world_cat_sleeping_ground@base","base"
"","","/e catstretch","Stretch (Cat)","動物のとき限定","","","","","","","","","eat sleep","creatures@cat@amb@world_cat_sleeping_ledge@exit","exit_r"
"","","/e cbbox","Carry Beer Box","物を持つ","","","○","v_ret_ml_beerben1","","","","","","anim@heists@box_carry@","idle"
"","","/e cbbox2","Carry Beer Box 2","物を持つ","","","○","v_ret_ml_beerbla1","","","","","","anim@heists@box_carry@","idle"
"","","/e cbbox3","Carry Beer Box 3","物を持つ","","","○","v_ret_ml_beerjak1","","","","","","anim@heists@box_carry@","idle"
"","","/e cbbox4","Carry Beer Box 4","物を持つ","","","○","v_ret_ml_beerlog1","","","","","","anim@heists@box_carry@","idle"
"","","/e cbbox5","Carry Beer Box 5","物を持つ","","","○","v_ret_ml_beerpis1","","","","","","anim@heists@box_carry@","idle"
"","","/e cbbox6","Carry Beer Box 6","物を持つ","","","○","prop_beer_box_01","","","","","","anim@heists@box_carry@","idle"
"","","/e cbdog","Carry Big Dog","2人でやる","","","○","","cbdog2","","","","","anim@heists@box_carry@","idle"
"","","/e cbdog2","Big Dog Carried","2人でやる","","○","","","cbdog","","","","eat sleep","creatures@rottweiler@amb@sleep_in_kennel@","sleep_in_kennel"
"","","/e ccat","Carry Cat","2人でやる","","○","","","ccat","","","","","anim@scripted@freemode@ig1_pickup_cat@male@","idle_player"
"","","/e ccat2","Be Carried - Cat","2人でやる","","○","","","ccat2","","","","","anim@scripted@freemode@ig1_pickup_cat@cat@","idle_cat"
"","","/e celebrate","Celebrate","ふつうの動作","○","○","","","","","","","","rcmfanatic1celebrate","celebrate"
"","","/e champagne","Champagne","物を持つ","○","","○","prop_drink_champ","","","","","","anim@heists@humane_labs@finale@keycards","ped_a_enter_loop"
"","","/e champagnespray","Champagne Spray","物を持つ","○","","○","ba_prop_battle_champ_open","","","","○","","anim@mp_player_intupperspray_champagne","idle_a"
"","","/e champw","Champagne Waiter","物を持つ","","","○","vw_prop_vw_tray_01a","","","","","","anim@move_f@waitress","idle"
"","","/e champw2","Champagne Waiter 2","物を持つ","","","○","h4_prop_h4_champ_tray_01b","","","","","","anim@move_f@waitress","idle"
"","","/e champw3","Champagne Waiter 3","物を持つ","","","○","h4_prop_h4_champ_tray_01c","","","","","","anim@move_f@waitress","idle"
"","","/e checkcar","Check Out · Female","ふつうの動作","","○","","","","","","","","anim@amb@carmeet@checkout_car@male_a@idles","idle_b"
"","","/e checkcar2","Check Out 2 · Male","ふつうの動作","","○","","","","","","","","anim@amb@carmeet@checkout_car@male_c@idles","idle_a"
"","","/e checkwatch","Check Watch","ふつうの動作","","","○","","","","","","","watch@looking_at","base"
"","","/e cheer","Cheer","ふつうの動作","○","","","","","","","","cheer","Scenario:SCENARIO","WORLD_HUMAN_CHEERING"
"","","/walk Chichi","Chichi","歩き方","○","","","","","","","","","move_f@chichi",""
"","","/e chicken","Chicken","ふつうの動作","○","","○","","","","","","","random@peyote@chicken","wakeup"
"","","/e chill","Chill","ふつうの動作","○","○","","","","","","","","switch@trevor@scares_tramp","trev_scares_tramp_idle_tramp"
"","","/e chillteq","Chill Tequila","物を持つ","","○","","prop_tequila","","","","","","amnilka@photopose@female@homepack001","amnilka_femalehome_photopose_003"
"","","/e chinup","Chinup","ふつうの動作","○","","","","","","","","","Scenario:SCENARIO","PROP_HUMAN_MUSCLE_CHIN_UPS"
"","","/e christianpray","Christian Pray","ふつうの動作","","○","","","","","","","","smo@prayer_posepack_16","prayer_posepack_16_clip"
"","","/e christianpray2","Christian Pray 2","ふつうの動作","","○","","","","","","","","smo@prayer_posepack_17","prayer_posepack_17_clip"
"","","/e christianpray3","Christian Pray 3","ふつうの動作","","○","","","","","","","","smo@prayer_posepack_18","prayer_posepack_18_clip"
"","","/e christianpray4","Christian Pray 4","ふつうの動作","","○","","","","","","","","smo@prayer_posepack_19","prayer_posepack_19_clip"
"","","/e christianpray5","Christian Pray 5","ふつうの動作","","○","","","","","","","","smo@prayer_posepack_20","prayer_posepack_20_clip"
"","","/e christianpray6","Christian Pray 6","ふつうの動作","","○","","","","","","","","smo@prayer_posepack_21","prayer_posepack_21_clip"
"","","/walk Chubbyfemale","Chubby Female","歩き方","","","","","","","","","","move_f@chubby@a",""
"","","/walk Chubbymale","Chubby Male","歩き方","","","","","","","","","","move_chubby",""
"","","/e cig","Cig","物を持つ","○","","○","ng_proc_cigarette01a","","","","○","smoking","amb@world_human_smoking@male@male_a@enter","enter"
"","","/e cigar","Cigar","物を持つ","○","","○","prop_cigar_02","","","","○","smoking","amb@world_human_smoking@male@male_a@enter","enter"
"","","/e cigar2","Cigar 2","物を持つ","○","","○","prop_cigar_01","","","","○","smoking","amb@world_human_smoking@male@male_a@enter","enter"
"","","/e clap","Clap","ふつうの動作","○","","○","","","","","","cheer","amb@world_human_cheering@male_a","base"
"","","/e clapangry","Clap Angry","ふつうの動作","○","○","","","","","","","clap","anim@arena@celeb@flat@solo@no_props@","angry_clap_a_player_a"
"","","/e clean","Clean","物を持つ","○","","○","prop_sponge_01","","","","","lean","timetable@floyd@clean_kitchen@base","base"
"","","/e clean2","Clean 2","物を持つ","○","","○","prop_sponge_01","","","","","lean","amb@world_human_maid_clean@","base"
"","","/e cleanface","Clean Your Face","ふつうの動作","","","○","","","","","","","switch@michael@wash_face","loop_michael"
"","","/e cleanhands","Clean Them Filthy Hands","ふつうの動作","","","○","","","","","","","missheist_agency3aig_23","urinal_sink_loop"
"","","/e clipboard","Clipboard","物を持つ","○","","○","p_amb_clipboard_01","","","","","","missfam4","base"
"","","/e clipboard2","Clipboard 2","ふつうの動作","○","","","","","","","","clipboard","Scenario:MALE","WORLD_HUMAN_CLIPBOARD"
"","","/e cloudgaze","Cloudgaze","ふつうの動作","○","○","","","","","","","","switch@trevor@annoys_sunbathers","trev_annoys_sunbathers_loop_girl"
"","","/e cloudgaze2","Cloudgaze 2","ふつうの動作","○","○","","","","","","","","switch@trevor@annoys_sunbathers","trev_annoys_sunbathers_loop_guy"
"","","/e clown","Clown","ふつうの動作","○","○","","","","","","","","rcm_barry2","clown_idle_0"
"","","/e clown2","Clown 2","ふつうの動作","○","○","","","","","","","","rcm_barry2","clown_idle_1"
"","","/e clown3","Clown 3","ふつうの動作","○","○","","","","","","","","rcm_barry2","clown_idle_2"
"","","/e clown4","Clown 4","ふつうの動作","○","","○","","","","","","","rcm_barry2","clown_idle_3"
"","","/e clown5","Clown 5","ふつうの動作","○","○","","","","","","","","rcm_barry2","clown_idle_6"
"","","/e cocoa","Xmas Cocoa","物を持つ","","","○","pata_christmasfood1","","","","","","amb@world_human_aa_coffee@base","base"
"","","/e coffee","Coffee","物を持つ","○","","○","p_amb_coffeecup_01","","","","","drinking drink","amb@world_human_drinking@coffee@male@idle_a","idle_c"
"","","/e coffeecall","Coffee Phone Call","物を持つ","","","○","p_ing_coffeecup_01","","","","","","switch@michael@coffee_w_dave","002291_02_fbi_3_coffee_w_dave_idle_dave"
"","","/e cofpose","Coffee & Burger Pose","物を持つ","","","○","prop_fib_coffee","","","","","","chocoholic@single23","single23_clip"
"","","/e comeatmebro","Come at me bro","ふつうの動作","○","","○","","","","","","","mini@triathlon","want_some_of_this"
"","","/e conehead","Cone Head","物を持つ","","","○","prop_roadcone02b","","","","","","move_m@drunk@verydrunk_idles@","fidget_07"
"","","/walk Confident","Confident","歩き方","○","","","","","","","","","move_m@confident",""
"","","/e cop","Cop","ふつうの動作","○","","","","","","","","","Scenario:SCENARIO","WORLD_HUMAN_COP_IDLES"
"","","/e cop2","Cop 2","ふつうの動作","○","○","","","","","","","nightclub","anim@amb@nightclub@peds@","rcmme_amanda1_stand_loop_cop"
"","","/e cop3","Cop 3","ふつうの動作","○","○","","","","","","","","amb@code_human_police_investigate@idle_a","idle_b"
"","","/e cop4","Cop 4","物を持つ","","","○","prop_parking_wand_01","","","","","","amb@world_human_car_park_attendant@male@base","base"
"","","/walk Cop","Cop","歩き方","○","","","","","","","","","move_m@business@a",""
"","","/walk Cop2","Cop 2","歩き方","○","","","","","","","","","move_m@business@b",""
"","","/walk Cop3","Cop 3","歩き方","○","","","","","","","","","move_m@business@c",""
"","","/e copbeacon","Cop Beacon","物を持つ","○","","○","prop_parking_wand_01","","","","","","amb@world_human_car_park_attendant@male@base","base"
"","","/e cough","Cough","ふつうの動作","○","","○","","","","","","smoking","timetable@gardener@smoking_joint","idle_cough"
"","","/e countdown","Countdown","ふつうの動作","○","","○","","","","","","","random@street_race","grid_girl_race_start"
"","","/e coupleanim","Couple Drinking (Wine Glasses)","2人でやる","","○","","p_wine_glass_s","coupleanim2","","","","","anim@scripted@robbery@tun_prep_uni_ig1_couple@","action_var_01_bank_manager"
"","","/e coupleanim2","Couple Drinking F (Wine Glasses)","2人でやる","","○","","p_wine_glass_s","coupleanim","","","","","anim@scripted@robbery@tun_prep_uni_ig1_couple@","action_var_01_female"
"","","/e couplehhands","Couple Heart Hands","2人でやる","","○","","","couplehhands2","","","","","amnilka@photopose@couple@couplefirst","amnilka_couple_mal_005"
"","","/e couplehhands2","Couple Heart Hands 2","2人でやる","","○","","","couplehhands","","","","","amnilka@photopose@couple@couplefirst","amnilka_couple_fem_005"
"","","/e couplewed1a","Couple Wedding Pose 1A","2人でやる","","○","","","couplewed1b","","","","","EnchantedBrwny@wedding1a","wedding1a"
"","","/e couplewed1b","Couple Wedding Pose 1B","2人でやる","","○","","","couplewed1a","","","","","EnchantedBrwny@wedding1b","wedding1b"
"","","/e couplewed2a","Couple Wedding Pose 2A","2人でやる","","○","","","couplewed2b","","","","","EnchantedBrwny@wedding2b","wedding2b"
"","","/e couplewed2b","Couple Wedding Pose 2B","2人でやる","","○","","","couplewed2a","","","","","EnchantedBrwny@wedding2a","wedding2a"
"","","/walk Coward","Coward","歩き方","","","","","","","","","","move_m@coward",""
"","","/e coyagree","Coyote Agree","動物のとき限定","","○","","","","","","","eat","creatures@coyote@amb@world_coyote_wander@idle_a","idle_a"
"","","/e coyhowl","Coyote Howl","動物のとき限定","","○","","","","","","","eat","creatures@coyote@amb@world_coyote_howl@idle_a","idle_a"
"","","/e coyinspect","Coyote Inspect","動物のとき限定","","○","","","","","","","eat","creatures@coyote@amb@world_coyote_wander@base","base"
"","","/e coyplaydead","Coyote Play Dead","動物のとき限定","","○","","","","","","","eat","creatures@coyote@move","dead_left"
"","","/e coyrest","Coyote Rest","動物のとき限定","","○","","","","","","","eat","amb@lo_res_idles@","creatures_world_coyote_rest_lo_res_base"
"","","/e coysit","Coyote Sit","動物のとき限定","","○","","","","","","","eat","creatures@coyote@amb@world_coyote_howl@base","base"
"","","/e cpr","CPR","ふつうの動作","○","○","","","","","","","","mini@cpr@char_a@cpr_str","cpr_pumpchest"
"","","/e cpr2","CPR 2","ふつうの動作","○","","○","","","","","","","mini@cpr@char_a@cpr_str","cpr_pumpchest"
"","","/e cprs","Give CPR","2人でやる","","○","","","cprs2","","","","","mini@cpr@char_a@cpr_str","cpr_pumpchest"
"","","/e cprs2","Get CPR","2人でやる","","○","","","cprs","","","","","mini@cpr@char_b@cpr_str","cpr_pumpchest"
"","","/e cprs3","Give CPR 2","2人でやる","","○","","","cprs4","","","","","missheistfbi3b_ig8_2","cpr_loop_paramedic"
"","","/e cprs4","Get CPR 2","2人でやる","","○","","","cprs3","","","","","missheistfbi3b_ig8_2","cpr_loop_victim"
"","","/e crackhead","Crack Head","物を持つ","","","○","prop_cs_bowie_knife","","","","","","special_ped@zombie@base","base"
"","","/e cranialsaw","Cranial Saw","物を持つ","","","○","prop_cranial_saw","","","","","","anim@heists@fleeca_bank@drilling","drill_straight_end"
"","","/e crawl","Crawl","ふつうの動作","○","○","","","","","","","","move_injured_ground","front_loop"
"","","/e croissant","Croissant","物を持つ","","","○","bzzz_foodpack_croissant001","","","","","eat","mp_player_inteat@burger","mp_player_int_eat_burger"
"","","/e crossarms","Crossarms","ふつうの動作","○","","○","","","","","","","amb@world_human_hang_out_street@female_arms_crossed@idle_a","idle_a"
"","","/e crossarms2","Crossarms 2","ふつうの動作","○","","○","","","","","","","amb@world_human_hang_out_street@male_c@idle_a","idle_b"
"","","/e crossarms3","Crossarms 3","ふつうの動作","○","","○","","","","","","","anim@heists@heist_corona@single_team","single_team_loop_boss"
"","","/e crossarms4","Crossarms 4","ふつうの動作","○","","○","","","","","","","random@street_race","_car_b_lookout"
"","","/e crossarms5","Crossarms 5","ふつうの動作","○","","○","","","","","","nightclub","anim@amb@nightclub@peds@","rcmme_amanda1_stand_loop_cop"
"","","/e crossarms6","Crossarms 6","ふつうの動作","○","","○","","","","","","gun","random@shop_gunstore","_idle"
"","","/e crossarms7","Crossarms 7","ふつうの動作","","","○","","","","","","","anim_heist@arcade_combined@","female_arms_crossed@_base_base"
"","","/e crossarms8","Crossarms 8","ふつうの動作","","","○","","","","","","","anim_heist@arcade_combined@","ped_female@_stand@_03b@_base_base"
"","","/e crossarms9","Crossarms 9","ふつうの動作","","○","","","","","","","","fix_trip3_ext-4","a_f_y_vinewood_02_dual-4"
"","","/e crossarmsside","Crossarms Side","ふつうの動作","○","","○","","","","","","","rcmnigel1a_band_groupies","base_m2"
"","","/e crossarmsside2","Crossarms Side 2","ふつうの動作","","","○","","","","","","","amb@world_human_hang_out_street@female_hold_arm@base","base"
"","","/e crosshands","Cross hands","ふつうの動作","","","○","","","","","","","anim@amb@carmeet@checkout_car@","male_e_base"
"","","/e crouchreach","Crouch & Reach","ふつうの動作","","○","","","","","","","lean","anim@veh@van@mule5@rds","lean_back_idle"
"","","/e crouchreach2","Crouch & Reach 2","ふつうの動作","","○","","","","","","","","anim@scripted@npc@mission@pln_ig4_cargo@","line_5_dax"
"","","/e csdog","Carry Small Dog","2人でやる","","","○","","csdog2","","","","","anim@heists@box_carry@","idle"
"","","/e csdog2","Small Dog Carried","2人でやる","","○","","","csdog","","","","","misssnowie@little_doggy_lying_down","base"
"","","/e csdog3","Carry Small Dog 2","2人でやる","","","○","","csdog4","","","","","hooman@hugging_little_doggy","base"
"","","/e csdog4","Small Dog Carried 2","2人でやる","","○","","","csdog3","","","","","little_doggy@hugging_hooman","base"
"","","/e cuffedback","Handcuffed - Back","ふつうの動作","","","○","","","","","","","mp_arresting","idle"
"","","/e cuffedfront","Handcuffed - Front","ふつうの動作","","","○","","","","","","","anim@move_m@prisoner_cuffed","idle"
"","","/e cup","Cup","物を持つ","○","","○","prop_plastic_cup_02","","","","","drinking drink","amb@world_human_drinking@coffee@male@idle_a","idle_c"
"","","/e curtsy","Curtsy","ふつうの動作","○","","","","","","","","","anim@mp_player_intcelebrationpaired@f_f_sarcastic","sarcastic_left"
"","","/e cutepicpose","Cute Pic Pose","2人でやる","","○","","","cutepicpose2","","","","","amnilka@photopose@couple@couplefirst","amnilka_couple_mal_004"
"","","/e cutepicpose2","Cute Pic Pose 2","2人でやる","","○","","","cutepicpose","","","","","amnilka@photopose@couple@couplefirst","amnilka_couple_fem_004"
"","","/e cutthroat","Cut Throat","ふつうの動作","○","","","","","","","","","anim@mp_player_intcelebrationmale@cut_throat","cut_throat"
"","","/e cutthroat2","Cut Throat 2","ふつうの動作","○","","","","","","","","","anim@mp_player_intcelebrationfemale@cut_throat","cut_throat"
"","","/e dab","Dab","ふつうの動作","","","○","","","","","","","stand_dab@dark","stand_dab_clip"
"","","/e damn","Damn","ふつうの動作","○","","○","","","","","","","gestures@m@standing@casual","gesture_damn"
"","","/e damn2","Damn 2","ふつうの動作","○","","○","","","","","","","anim@am_hold_up@male","shoplift_mid"
"","","/e dance","Dance","ダンス","○","○","","","","","","","dancers nightclub","anim@amb@nightclub@dancers@podium_dancers@","hi_dance_facedj_17_v2_male^5"
"","","/e dance2","Dance 2","ダンス","○","○","","","","","","","nightclub","anim@amb@nightclub@mini@dance@dance_solo@male@var_b@","high_center_down"
"","","/e dance3","Dance 3","ダンス","○","○","","","","","","","nightclub","anim@amb@nightclub@mini@dance@dance_solo@male@var_a@","high_center"
"","","/e dance4","Dance 4","ダンス","○","○","","","","","","","nightclub","anim@amb@nightclub@mini@dance@dance_solo@male@var_b@","high_center_up"
"","","/e dance5","Dance 5","ダンス","○","○","","","","","","","","anim@amb@casino@mini@dance@dance_solo@female@var_a@","med_center"
"","","/e dance6","Dance 6","ダンス","○","○","","","","","","","","misschinese2_crystalmazemcs1_cs","dance_loop_tao"
"","","/e dance7","Dance 7","ダンス","○","○","","","","","","","","misschinese2_crystalmazemcs1_ig","dance_loop_tao"
"","","/e dance8","Dance 8","ダンス","○","○","","","","","","","","missfbi3_sniping","dance_m_default"
"","","/e dance9","Dance 9","ダンス","○","○","","","","","","","nightclub","anim@amb@nightclub@mini@dance@dance_solo@female@var_a@","med_center_up"
"","","/e danceclub","Dance Club","ダンス","","○","","","","","","","dancers nightclub","anim@amb@nightclub_island@dancers@beachdance@","hi_idle_a_m03"
"","","/e danceclubb","Dance Club 2","ダンス","","○","","","","","","","dancers nightclub","anim@amb@nightclub_island@dancers@beachdance@","hi_idle_a_m05"
"","","/e danceclubc","Dance Club 3","ダンス","","○","","","","","","","dancers nightclub","anim@amb@nightclub_island@dancers@beachdance@","hi_idle_a_m02"
"","","/e danceclubd","Dance Club 4","ダンス","","○","","","","","","","dancers nightclub","anim@amb@nightclub_island@dancers@beachdance@","hi_idle_b_f01"
"","","/e danceclube","Dance Club 5","ダンス","","○","","","","","","","dancers nightclub","anim@amb@nightclub_island@dancers@club@","hi_idle_a_f02"
"","","/e danceclubf","Dance Club 6","ダンス","","○","","","","","","","dancers nightclub","anim@amb@nightclub_island@dancers@club@","hi_idle_b_m03"
"","","/e danceclubg","Dance Club 7","ダンス","","○","","","","","","","dancers nightclub","anim@amb@nightclub_island@dancers@club@","hi_idle_d_f01"
"","","/e danceclubh","Dance Club 8","ダンス","","○","","","","","","","dancers nightclub","anim@amb@nightclub_island@dancers@crowddance_facedj@","mi_dance_facedj_17_v2_male^4"
"","","/e danceclubi","Dance Club 9","ダンス","","○","","","","","","","dancers nightclub","anim@amb@nightclub_island@dancers@crowddance_single_props@","mi_dance_prop_13_v1_male^3"
"","","/e danceclubj","Dance Club 10","ダンス","","○","","","","","","","dancers nightclub","anim@amb@nightclub_island@dancers@crowddance_groups@groupd@","mi_dance_crowd_13_v2_male^1"
"","","/e danceclubk","Dance Club 11","ダンス","","○","","","","","","","dancers nightclub","anim@amb@nightclub_island@dancers@crowddance_facedj@","mi_dance_facedj_15_v2_male^4"
"","","/e danceclubl","Dance Club 12","ダンス","","○","","","","","","","nightclub","anim@amb@nightclub@mini@dance@dance_solo@female@var_a@","high_center_up"
"","","/e danceclubm","Dance Club 13","ダンス","","○","","","","","","","dancers nightclub","anim@amb@nightclub_island@dancers@crowddance_facedj@","hi_dance_facedj_hu_15_v2_male^5"
"","","/e danceclubn","Dance Club 14","ダンス","","○","","","","","","","dancers nightclub","anim@amb@nightclub_island@dancers@crowddance_facedj@","hi_dance_facedj_hu_17_male^5"
"","","/e danceclubo","Dance Club 15","ダンス","","○","","","","","","","nightclub","anim@amb@nightclub@mini@dance@dance_solo@shuffle@","high_center"
"","","/e danceclubp","Dance Club 16","ダンス","","○","","","","","","","nightclub","anim@amb@nightclub@mini@dance@dance_solo@shuffle@","high_left_down"
"","","/e danceclubq","Dance Club 17","ダンス","","○","","","","","","","","fix_stu_ext-25","a_f_y_studioparty_01_dual-25"
"","","/e dancecrankdat","Dance Crank Dat","ダンス","","○","","","","","","","nightclub","anim@amb@nightclub@mini@dance@dance_solo@shuffle@","high_right_up"
"","","/e dancecrankdat2","Dance Crank Dat 2","ダンス","","○","","","","","","","nightclub","anim@amb@nightclub@mini@dance@dance_solo@shuffle@","high_right_down"
"","","/e dancedrill","Drill Dance","ダンス","","○","","","","","","","","sdrill@animation","sdrill_clip"
"","","/e dancedrink","Dance Drink (Beer)","ダンス","","○","","prop_beer_amopen","","","","","dancers nightclub","anim@amb@nightclub_island@dancers@beachdanceprop@","mi_idle_c_m01"
"","","/e dancedrink2","Dance Drink 2 (Wine)","ダンス","","○","","p_wine_glass_s","","","","","dancers nightclub","anim@amb@nightclub_island@dancers@beachdanceprop@","mi_loop_f1"
"","","/e dancedrink3","Dance Drink 3 (Whiskey)","ダンス","","○","","ba_prop_battle_whiskey_opaque_s","","","","","dancers nightclub","anim@amb@nightclub_island@dancers@beachdanceprop@","mi_loop_m04"
"","","/e dancedrink4","Dance Drink 4 (Whiskey)","ダンス","","○","","ba_prop_battle_whiskey_opaque_s","","","","","dancers nightclub","anim@amb@nightclub_island@dancers@beachdanceprops@male@","mi_idle_b_m04"
"","","/e dancedrink5","Dance Drink 5 (Wine)","ダンス","","○","","p_wine_glass_s","","","","","dancers nightclub","anim@amb@nightclub_island@dancers@crowddance_single_props@","hi_dance_prop_09_v1_female^3"
"","","/e dancedrink6","Dance Drink 6 (Beer)","ダンス","","○","","prop_beer_logopen","","","","","dancers nightclub","anim@amb@nightclub_island@dancers@crowddance_single_props@","hi_dance_prop_09_v1_male^3"
"","","/e dancedrink7","Dance Drink 7 (Wine)","ダンス","","○","","p_wine_glass_s","","","","","dancers nightclub","anim@amb@nightclub_island@dancers@crowddance_single_props@","hi_dance_prop_11_v1_female^3"
"","","/e dancedrink8","Dance Drink 8 (Wine)","ダンス","","○","","p_wine_glass_s","","","","","dancers nightclub","anim@amb@nightclub_island@dancers@crowddance_single_props@","hi_dance_prop_11_v1_female^1"
"","","/e dancedrink9","Dance Drink 9 (Beer)","ダンス","","○","","prop_beer_amopen","","","","","nightclub","anim@amb@nightclub@mini@dance@dance_solo@techno_karate@","med_right_down"
"","","/e dancef","Dance F","ダンス","○","○","","","","","","","dancers nightclub","anim@amb@nightclub@dancers@solomun_entourage@","mi_dance_facedj_17_v1_female^1"
"","","/e dancef2","Dance F2","ダンス","○","○","","","","","","","nightclub","anim@amb@nightclub@mini@dance@dance_solo@female@var_a@","high_center"
"","","/e dancef3","Dance F3","ダンス","○","○","","","","","","","nightclub","anim@amb@nightclub@mini@dance@dance_solo@female@var_a@","high_center_up"
"","","/e dancef4","Dance F4","ダンス","○","○","","","","","","","dancers nightclub","anim@amb@nightclub@dancers@crowddance_facedj@hi_intensity","hi_dance_facedj_09_v2_female^1"
"","","/e dancef5","Dance F5","ダンス","○","○","","","","","","","dancers nightclub","anim@amb@nightclub@dancers@crowddance_facedj@hi_intensity","hi_dance_facedj_09_v2_female^3"
"","","/e dancef6","Dance F6","ダンス","○","○","","","","","","","nightclub","anim@amb@nightclub@mini@dance@dance_solo@female@var_a@","high_center_up"
"","","/e danceglowstick","Dance Glowsticks","ダンス","○","","○","ba_prop_battle_glowstick_01","","","","","nightclub","anim@amb@nightclub@lazlow@hi_railing@","ambclub_13_mi_hi_sexualgriding_laz"
"","","/e danceglowstick2","Dance Glowsticks 2","ダンス","○","○","","ba_prop_battle_glowstick_01","","","","","nightclub","anim@amb@nightclub@lazlow@hi_railing@","ambclub_12_mi_hi_bootyshake_laz"
"","","/e danceglowstick3","Dance Glowsticks 3","ダンス","○","○","","ba_prop_battle_glowstick_01","","","","","nightclub","anim@amb@nightclub@lazlow@hi_railing@","ambclub_09_mi_hi_bellydancer_laz"
"","","/e dancehiphop","Hip Hop Dance","ダンス","","○","","","","","","","nightclub","anim@amb@nightclub@mini@dance@dance_paired@dance_d@","ped_a_dance_idle"
"","","/e dancehiphop2","Hip Hop Dance 2","ダンス","","○","","","","","","","nightclub","anim@amb@nightclub@mini@dance@dance_paired@dance_b@","ped_a_dance_idle"
"","","/e dancehiphop3","Hip Hop Dance 3","ダンス","","○","","","","","","","nightclub","anim@amb@nightclub@mini@dance@dance_paired@dance_a@","ped_a_dance_idle"
"","","/e dancehorse","Dance Horse","ダンス","○","","○","ba_prop_battle_hobby_horse","","","","","nightclub","anim@amb@nightclub@lazlow@hi_dancefloor@","dancecrowd_li_15_handup_laz"
"","","/e dancehorse2","Dance Horse 2","ダンス","○","○","","ba_prop_battle_hobby_horse","","","","","nightclub","anim@amb@nightclub@lazlow@hi_dancefloor@","crowddance_hi_11_handup_laz"
"","","/e dancehorse3","Dance Horse 3","ダンス","○","○","","ba_prop_battle_hobby_horse","","","","","nightclub","anim@amb@nightclub@lazlow@hi_dancefloor@","dancecrowd_li_11_hu_shimmy_laz"
"","","/e dancemonkey","Monkey Dance","ダンス","","○","","","","","","","nightclub","anim@amb@nightclub@mini@dance@dance_solo@techno_monkey@","high_center"
"","","/e dancemonkey2","Monkey Dance 2","ダンス","","○","","","","","","","nightclub","anim@amb@nightclub@mini@dance@dance_solo@techno_monkey@","high_center_down"
"","","/e dancemonkey3","Monkey Dance 3","ダンス","","○","","","","","","","nightclub","anim@amb@nightclub@mini@dance@dance_solo@techno_monkey@","med_center_down"
"","","/e danceold","Dance Old","ダンス","","○","","","","","","","","anim@mp_player_intupperuncle_disco","idle_a"
"","","/e dancepride","Dance Pride A","ダンス","","○","","lilprideflag1","","","","","nightclub","anim@amb@nightclub@lazlow@hi_railing@","ambclub_09_mi_hi_bellydancer_laz"
"","","/e dancepridea","Dance Pride A - Bisexual","ダンス","","○","","lilprideflag3","","","","","nightclub","anim@amb@nightclub@lazlow@hi_railing@","ambclub_09_mi_hi_bellydancer_laz"
"","","/e danceprideb","Dance Pride B - LGBTQIA","ダンス","","○","","lilprideflag2","","","","","nightclub","anim@amb@nightclub@lazlow@hi_railing@","ambclub_09_mi_hi_bellydancer_laz"
"","","/e dancepridec","Dance Pride C - Lesbian","ダンス","","○","","lilprideflag4","","","","","nightclub","anim@amb@nightclub@lazlow@hi_railing@","ambclub_09_mi_hi_bellydancer_laz"
"","","/e danceprided","Dance Pride D - Pansexual","ダンス","","○","","lilprideflag5","","","","","nightclub","anim@amb@nightclub@lazlow@hi_railing@","ambclub_09_mi_hi_bellydancer_laz"
"","","/e dancepridee","Dance Pride E - Transgender","ダンス","","○","","lilprideflag6","","","","","nightclub","anim@amb@nightclub@lazlow@hi_railing@","ambclub_09_mi_hi_bellydancer_laz"
"","","/e dancepridef","Dance Pride F - Non Binary","ダンス","","○","","lilprideflag7","","","","","nightclub","anim@amb@nightclub@lazlow@hi_railing@","ambclub_09_mi_hi_bellydancer_laz"
"","","/e danceprideg","Dance Pride G - Asexual","ダンス","","○","","lilprideflag8","","","","","nightclub","anim@amb@nightclub@lazlow@hi_railing@","ambclub_09_mi_hi_bellydancer_laz"
"","","/e danceprideh","Dance Pride H - Straight Ally","ダンス","","○","","lilprideflag9","","","","","nightclub","anim@amb@nightclub@lazlow@hi_railing@","ambclub_09_mi_hi_bellydancer_laz"
"","","/e danceshy","Dance Shy","ダンス","○","○","","","","","","","nightclub","anim@amb@nightclub@mini@dance@dance_solo@male@var_a@","low_center"
"","","/e danceshy2","Dance Shy 2","ダンス","○","○","","","","","","","nightclub","anim@amb@nightclub@mini@dance@dance_solo@female@var_b@","low_center_down"
"","","/e danceshy3","Dance Shy 3","ダンス","","○","","","","","","","nightclub drinking drink","anim@amb@nightclub@mini@drinking@bar@player_bartender@idle_a","idle_a"
"","","/e dancesilly","Dance Silly","ダンス","○","○","","","","","","","","special_ped@mountain_dancer@monologue_3@monologue_3a","mnt_dnc_buttwag"
"","","/e dancesilly1","Dance Silly 1","ダンス","","○","","","","","","","","rcmnigel1bnmt_1b","dance_loop_tyler"
"","","/e dancesilly10","Dance Silly 10","ダンス","","○","","","","","","","nightclub","anim@amb@nightclub@lazlow@hi_podium@","danceidle_hi_17_spiderman_laz"
"","","/e dancesilly11","Dance Silly 11","ダンス","","○","","","","","","","nightclub","anim@amb@nightclub@lazlow@hi_podium@","danceidle_mi_11_pointthrust_laz"
"","","/e dancesilly12","Dance Silly 12","ダンス","","○","","","","","","","nightclub","anim@amb@nightclub@lazlow@hi_podium@","danceidle_hi_17_smackthat_laz"
"","","/e dancesilly2","Dance Silly 2","ダンス","○","○","","","","","","","","move_clown@p_m_zero_idles@","fidget_short_dance"
"","","/e dancesilly3","Dance Silly 3","ダンス","○","○","","","","","","","","move_clown@p_m_two_idles@","fidget_short_dance"
"","","/e dancesilly4","Dance Silly 4","ダンス","○","○","","","","","","","nightclub","anim@amb@nightclub@lazlow@hi_podium@","danceidle_hi_11_buttwiggle_b_laz"
"","","/e dancesilly5","Dance Silly 5","ダンス","○","○","","","","","","","","timetable@tracy@ig_5@idle_a","idle_a"
"","","/e dancesilly6","Dance Silly 6","ダンス","○","○","","","","","","","","timetable@tracy@ig_8@idle_b","idle_d"
"","","/e dancesilly7","Dance Silly 7","ダンス","○","○","","","","","","","","anim@amb@casino@mini@dance@dance_solo@female@var_b@","med_center"
"","","/e dancesilly8","Dance Silly 8","ダンス","○","○","","","","","","","","anim@amb@casino@mini@dance@dance_solo@female@var_b@","high_center"
"","","/e dancesilly9","Dance Silly 9","ダンス","○","○","","","","","","","","anim@mp_player_intcelebrationfemale@the_woogie","the_woogie"
"","","/e danceslow","Dance Slow","ダンス","○","○","","","","","","","nightclub","anim@amb@nightclub@mini@dance@dance_solo@male@var_b@","low_center"
"","","/e danceslow2","Dance Slow 2","ダンス","○","○","","","","","","","nightclub","anim@amb@nightclub@mini@dance@dance_solo@female@var_a@","low_center"
"","","/e danceslow3","Dance Slow 3","ダンス","○","○","","","","","","","nightclub","anim@amb@nightclub@mini@dance@dance_solo@female@var_a@","low_center_down"
"","","/e danceslow4","Dance Slow 4","ダンス","○","○","","","","","","","nightclub","anim@amb@nightclub@mini@dance@dance_solo@female@var_b@","low_center"
"","","/e danceupper","Dance Upper","ダンス","○","","○","","","","","","nightclub","anim@amb@nightclub@mini@dance@dance_solo@female@var_b@","high_center"
"","","/e danceupper2","Dance Upper 2","ダンス","○","","○","","","","","","nightclub","anim@amb@nightclub@mini@dance@dance_solo@female@var_b@","high_center_up"
"","","/e dancewave","Wave Dance","ダンス","","○","","","","","","","dancing wave","dancing_wave_part_one@anim","wave_dance_1"
"","","/e dancewave02","Wave Dance 2","ダンス","","○","","","","","","","dancing wave","dancing_wave_part_one@anim","wave_dance_2"
"","","/e dancewave03","Wave Dance 3","ダンス","","○","","","","","","","dancing wave","dancing_wave_part_one@anim","wave_dance_3"
"","","/e dancewave04","Wave Dance 4","ダンス","","○","","","","","","","dancing wave","dancing_wave_part_one@anim","wave_dance_4"
"","","/e dancewave05","Wave Dance 5 - Tutankhamen","ダンス","","○","","","","","","","dancing wave","dancing_wave_part_one@anim","tutankhamun_dance_1"
"","","/e dancewave06","Wave Dance 6 - Tutankhamen 2","ダンス","","○","","","","","","","dancing wave","dancing_wave_part_one@anim","tutankhamun_dance_2"
"","","/e dancewave07","Wave Dance 7 - Snake Dance","ダンス","","○","","","","","","","dancing wave","dancing_wave_part_one@anim","snake_dance_1"
"","","/e dancewave08","Wave Dance 8 - Slide Dance","ダンス","","○","","","","","","","dancing wave","dancing_wave_part_one@anim","slide_dance"
"","","/e dancewave09","Wave Dance 9 - Slide Dance 2","ダンス","","○","","","","","","","dancing wave","dancing_wave_part_one@anim","slide_dance_2"
"","","/e dancewave10","Wave Dance 10 - Robot Dance","ダンス","","○","","","","","","","dancing wave","dancing_wave_part_one@anim","robot_dance"
"","","/e dancewave11","Wave Dance 11 - Locking Dance","ダンス","","○","","","","","","","dancing wave","dancing_wave_part_one@anim","locking_dance"
"","","/e dancewave12","Wave Dance 12 - Headspin","ダンス","","","","","","","","","dancing wave","dancing_wave_part_one@anim","headspin"
"","","/e dancewave13","Wave Dance 13 - Flaire Dance","ダンス","","","","","","","","","dancing wave","dancing_wave_part_one@anim","flaire_dance"
"","","/e dancewave14","Wave Dance 14 - Female Crowd Dance","ダンス","","","","","","","","","dancing wave","dancing_wave_part_one@anim","crowd_girl_dance"
"","","/e dancewave15","Wave Dance 15 - Rock Up Dance","ダンス","","○","","","","","","","dancing wave","dancing_wave_part_one@anim","uprock_dance_1"
"","","/walk Dave","Dave","歩き方","","","","","","","","","","move_characters@dave_n",""
"","","/e daydream","Daydream In The Clouds","ふつうの動作","","","○","","","","","","","girl_groupe_d@darksj","girl_groupe_d_clip"
"","","/e dazzle1","Dazzle Me Pose 1","ふつうの動作","","○","","","","","","","","lunyx@dazzleme","pose1_clip"
"","","/e dazzle2","Dazzle Me Pose 2","ふつうの動作","","○","","","","","","","","lunyx@dazzleme","pose2_clip"
"","","/e dazzle3","Dazzle Me Pose 3","ふつうの動作","","○","","","","","","","","lunyx@dazzleme","pose3_clip"
"","","/e dazzle4","Dazzle Me Pose 4","ふつうの動作","","○","","","","","","","","lunyx@dazzleme","pose4_clip"
"","","/e dazzle5","Dazzle Me Pose 5","ふつうの動作","","○","","","","","","","","lunyx@dazzleme","pose5_clip"
"","","/e dazzle6","Dazzle Me Pose 6","ふつうの動作","","○","","","","","","","","lunyx@dazzleme","pose6_clip"
"","","/e dazzle7","Dazzle Me Pose 7","ふつうの動作","","○","","","","","","","","lunyx@dazzleme","pose7_clip"
"","","/e dbsoda","Soda - Dumb Bitch","物を持つ","","","○","dumbbitchjuice","","","","","drinking drink","amb@code_human_wander_drinking@male@base","static"
"","","/e dead2","Play Dead Act","ふつうの動作","","","","","","","","","gun","anim@scripted@data_leak@fixf_fin_ig2_johnnyguns_wounded@","enter"
"","","/mood Dead","Dead","表情","","","","","","","","","","dead_1",""
"","","/walk Defaultfemale","Default Female","歩き方","","","","","","","","","","move_f@multiplayer",""
"","","/walk Defaultmale","Default Male","歩き方","","","","","","","","","","move_m@multiplayer",""
"","","/walk Depressed","Depressed","歩き方","","","","","","","","","","move_m@depressed@a",""
"","","/walk Depressed2","Depressed 2","歩き方","","","","","","","","","","move_m@depressed@b",""
"","","/walk Depressed3","Depressed 3","歩き方","","","","","","","","","","move_f@depressed@a",""
"","","/walk Depressed4","Depressed 4","歩き方","","","","","","","","","","move_f@depressed@c",""
"","","/e desert","Eat dessert","物を持つ","","","○","bzzz_food_dessert_a","","","","","eat","mp_player_inteat@burger","mp_player_int_eat_burger"
"","","/e devestated","Devestated","ふつうの動作","","","","","","","","","","misscarsteal2car_stolen","chad_car_stolen_reaction"
"","","/e dig","Dig","物を持つ","","○","","prop_tool_shovel","","","","","","random@burial","a_burial"
"","","/e digiscan","Digiscan 1 ","物を持つ","","","○","w_am_digiscanner","","","","","","weapons@misc@digi_scanner","aim_med_loop"
"","","/e digiscan2","Digiscan 2 ","物を持つ","","","○","w_am_digiscanner","","","","","","weapons@misc@digi_scanner","aim_low_loop"
"","","/e digiscan3","Digiscan 3 ","物を持つ","","","○","w_am_digiscanner","","","","","","weapons@misc@digi_scanner","aim_high_loop"
"","","/e dinner","Dinner","物を持つ","","","○","prop_cs_plate_01","","","","","","anim@scripted@island@special_peds@pavel@hs4_pavel_ig5_caviar_p1","base_idle"
"","","/e dispenser","Dispenser","ふつうの動作","","","","","","","","","drink","mini@sprunk","plyr_buy_drink_pt1"
"","","/e dj","DJ","ダンス","○","","○","","","","","","nightclub","anim@amb@nightclub@djs@dixon@","dixn_dance_cntr_open_dix"
"","","/e dj1","DJ 1","ダンス","","○","","","","","","","nightclub","anim@amb@nightclub@djs@dixon@","dixn_end_dix"
"","","/e dj10","DJ 10","ダンス","","○","","","","","","","","mini@strip_club@idles@dj@base","base"
"","","/e dj11","DJ 11","ダンス","","○","","","","","","","","mini@strip_club@idles@dj@idle_04","idle_04"
"","","/e dj12","DJ 12","ダンス","","○","","","","","","","","mini@strip_club@idles@dj@idle_02","idle_02"
"","","/e dj2","DJ 2","ダンス","","○","","","","","","","nightclub","anim@amb@nightclub@djs@solomun@","sol_idle_ctr_mid_a_sol"
"","","/e dj3","DJ 3","ダンス","","○","","","","","","","nightclub","anim@amb@nightclub@djs@solomun@","sol_dance_l_sol"
"","","/e dj4","DJ 4","ダンス","","○","","","","","","","nightclub","anim@amb@nightclub@djs@black_madonna@","dance_b_idle_a_blamadon"
"","","/e dj5","DJ 5","ダンス","","○","","","","","","","nightclub","anim@amb@nightclub@djs@dixon@","dixn_idle_cntr_a_dix"
"","","/e dj6","DJ 6","ダンス","","○","","","","","","","nightclub","anim@amb@nightclub@djs@dixon@","dixn_idle_cntr_b_dix"
"","","/e dj7","DJ 7","ダンス","","○","","","","","","","nightclub","anim@amb@nightclub@djs@dixon@","dixn_idle_cntr_g_dix"
"","","/e dj8","DJ 8","ダンス","","○","","","","","","","nightclub","anim@amb@nightclub@djs@dixon@","dixn_idle_cntr_gb_dix"
"","","/e dj9","DJ 9","ダンス","","○","","","","","","","nightclub","anim@amb@nightclub@djs@dixon@","dixn_sync_cntr_j_dix"
"","","/e dock","Dock","ふつうの動作","","","○","","","","","","","anim@mp_player_intincardockstd@rds@","idle_a"
"","","/e doggy","Doggy","物を持つ","","","○","xm3_prop_xm3_toy_dog_01a","","","","","","impexp_int-0","mp_m_waremech_01_dual-0"
"","","/e dollar","Dollar","物を持つ","","","○","p_banknote_onedollar_s","","","","","","anim@heists@humane_labs@finale@keycards","ped_a_enter_loop"
"","","/e donut","Donut","物を持つ","○","","○","prop_amb_donut","","","","","eat","mp_player_inteat@burger","mp_player_int_eat_burger"
"","","/e donut2","Donut Chocolate","物を持つ","","","○","bzzz_foodpack_donut002","","","","","eat","mp_player_inteat@burger","mp_player_int_eat_burger"
"","","/e donut3","Donut Raspberry","物を持つ","","","○","bzzz_foodpack_donut001","","","","","eat","mp_player_inteat@burger","mp_player_int_eat_burger"
"","","/walk Dreyfuss","Dreyfuss","歩き方","","","","","","","","","","move_dreyfuss",""
"","","/e drill","Construction Drilling","ふつうの動作","","","","","","","","","","Scenario:SCENARIO","WORLD_HUMAN_CONST_DRILL"
"","","/e drink","Drink","物を持つ","○","","○","prop_ld_flow_bottle","","","","","drink","mp_player_intdrink","loop_bottle"
"","","/mood Drunk","Drunk","表情","","","","","","","","","","mood_drunk_1",""
"","","/walk Drunk","Drunk","歩き方","○","","","","","","","","","move_m@drunk@a",""
"","","/walk Drunk2","Drunk 2 - Buzzed","歩き方","○","","","","","","","","","move_m@buzzed",""
"","","/walk Drunk3","Drunk 3 - Moderate","歩き方","○","","","","","","","","","move_m@drunk@moderatedrunk",""
"","","/walk Drunk4","Drunk 4 - Moderate 2","歩き方","","","","","","","","","","move_m@drunk@moderatedrunk_head_up",""
"","","/walk Drunk5","Drunk 5 - Slightly Drunk","歩き方","","","","","","","","","","move_m@drunk@slightlydrunk",""
"","","/walk Drunk6","Drunk 6 - Very Drunk","歩き方","","","","","","","","","","move_m@drunk@verydrunk",""
"","","/e dufbag","Duffel Bag","物を持つ","","","○","prop_big_bag_01","","","","","","move_weapon@jerrycan@generic","idle"
"","","/e dufbag2","Duffel Bag 2","物を持つ","","","○","v_ret_gc_bag02","","","","","","move_weapon@jerrycan@generic","idle"
"","","/e dufbag3","Duffel Bag 3","物を持つ","","","○","bkr_prop_duffel_bag_01a","","","","","","move_weapon@jerrycan@generic","idle"
"","","/mood Dumb","Dumb","表情","","","","","","","","","","pose_injured_1",""
"","","/e earpiece","Earpiece","ふつうの動作","","","○","","","","","","phone","cellphone@","cellphone_call_listen_base"
"","","/e easter","Easter Basket","物を持つ","","","○","bzzz_event_easter_basket_b","","","","","","anim@heists@narcotics@trash","idle"
"","","/e easter2","Easter Bunny","物を持つ","","","○","bzzz_event_easter_bunny_a","","","","","","anim@heists@humane_labs@finale@keycards","ped_a_enter_loop"
"","","/e eat","Eat","物を持つ","○","","○","prop_cs_burger_01","","","","","eat","mp_player_inteat@burger","mp_player_int_eat_burger"
"","","/e edrink","Energy Drink - Bottle","物を持つ","","","○","prop_energy_drink","","","","","drink","mp_player_intdrink","loop_bottle"
"","","/e edrink2","Energy Drink - Can","物を持つ","","","○","sf_prop_sf_can_01a","","","","","drinking drink","amb@world_human_drinking@coffee@male@idle_a","idle_c"
"","","/e edrink3","Energy Drink - XXL Can","物を持つ","","","○","sf_p_sf_grass_gls_s_01a","","","","","drinking drink","amb@world_human_drinking@coffee@male@idle_a","idle_c"
"","","/e egobar","Ego Bar","物を持つ","○","","○","prop_choc_ego","","","","","eat","mp_player_inteat@burger","mp_player_int_eat_burger"
"","","/e elbow","Window Elbow","ふつうの動作","","○","","","","","","","","anim@veh@lowrider@std@ds@arm@base","sit_low_lowdoor"
"","","/e elbow2","Window Elbow 2","ふつうの動作","","○","","","","車の中だけ","","","","chocoholic@single47","single47_clip"
"","","/mood Electrocuted","Electrocuted","表情","","","","","","","","","","electrocuted_1",""
"","","/mood Excited","Excited","表情","","","","","","","","","","mood_excited_1",""
"","","/e facepalm","Facepalm","ふつうの動作","○","","○","","","","","","","random@car_thief@agitated@idle_a","agitated_idle_a"
"","","/e facepalm2","Facepalm 2","ふつうの動作","○","","○","","","","","","","anim@mp_player_intcelebrationfemale@face_palm","face_palm"
"","","/e facepalm3","Facepalm 3","ふつうの動作","○","","○","","","","","","","missminuteman_1ig_2","tasered_2"
"","","/e facepalm4","Facepalm 4","ふつうの動作","○","","○","","","","","","","anim@mp_player_intupperface_palm","idle_a"
"","","/e fallasleep","Fall Asleep","ふつうの動作","○","","○","","","","","","sleep","mp_sleep","sleep_loop"
"","","/e fallasleep2","Fall Asleep 2","ふつうの動作","","","○","","","","","","sleep","mp_sleep","sleep_loopfemale"
"","","/e fallover","Fall Over","ふつうの動作","○","","","","","","","","","random@drunk_driver_1","drunk_fall_over"
"","","/e fallover2","Fall Over 2","ふつうの動作","○","","","","","","","","","mp_suicide","pistol"
"","","/e fallover3","Fall Over 3","ふつうの動作","○","","","","","","","","","mp_suicide","pill"
"","","/e fallover4","Fall Over 4","ふつうの動作","○","","","","","","","","","friends@frf@ig_2","knockout_plyr"
"","","/e fallover5","Fall Over 5","ふつうの動作","○","","","","","","","","","anim@gangops@hostage@","victim_fail"
"","","/e fashionpose1","Fashion Pose Pose 1","ふつうの動作","","○","","","","","","","","lunyxco@dresstoimpress","chic"
"","","/e fashionpose2","Fashion Pose Pose 2","ふつうの動作","","○","","","","","","","eat","lunyxco@dresstoimpress","deathdrop"
"","","/e fashionpose3","Fashion Pose Pose 3","ふつうの動作","","○","","","","","","","","lunyxco@dresstoimpress","magica"
"","","/e fashionpose4","Fashion Pose Pose 4","ふつうの動作","","○","","","","","","","","lunyxco@dresstoimpress","pose5"
"","","/e fashionpose5","Fashion Pose Pose 5","ふつうの動作","","○","","","","","","","","lunyxco@dresstoimpress","pose8"
"","","/e fashionpose6","Fashion Pose Pose 6","ふつうの動作","","○","","","","","","","","lunyxco@dresstoimpress","pose20"
"","","/e fashionpose7","Fashion Pose Pose 7","ふつうの動作","","○","","","","","","","","lunyxco@dresstoimpress","pose28"
"","","/e fashionpose8","Fashion Pose Pose 8","ふつうの動作","","○","","","","","","","","lunyxco@dresstoimpress","runoutofposes"
"","","/e fashionpose9","Fashion Pose Pose 9","ふつうの動作","","○","","","","","","","","lunyxco@dresstoimpress","split"
"","","/walk Fat","Fat Male","歩き方","","","","","","","","","","move_m@fat@a",""
"","","/walk Fat2","Fat Female","歩き方","","","","","","","","","","move_f@fat@a",""
"","","/walk Fat3","Fat & Bulky","歩き方","","","","","","","","","","move_m@fat@bulky",""
"","","/walk Fat4","Fat Female 2","歩き方","","","","","","","","","","move_f@fat@a_no_add",""
"","","/e femaleadorable1","Female Adorable 1","ふつうの動作","","○","","","","","","","","mrwitt@adorable_style","mrwitt"
"","","/e femaleadorable2","Female Adorable 2","ふつうの動作","","○","","","","","","","","mrwitt@adorable","mrwitt"
"","","/e femalemirrorselfie","Female Mirror Selfie","物を持つ","","○","","prop_phone_ing","","","","○","","mirror_selfie_1@janina234","mirror_selfie_1_clip"
"","","/e femalemirrorselfie1","Female Mirror Selfie 1","物を持つ","","○","","prop_phone_ing","","","","○","","mirror_selfie_8@daj","mirror_selfie_8_clip"
"","","/e femaleonknees","Female On Knees Pose","ふつうの動作","","○","","","","","","","","beach_4@janina234","beach_4_clip"
"","","/e femaleonknees1","Female On Knees Pose 1","ふつうの動作","","○","","","","","","","","on_the_knees@darksj","on_the_knees_clip"
"","","/e femaleonknees2","Female On Knees Pose 2","ふつうの動作","","○","","","","","","","","anim@female_model_21","f_model_21_clip"
"","","/e femaleposea","Female Pose A","ふつうの動作","","○","","","","","","","","mrwitt@femalepose_10","mrwitt"
"","","/e femaleposeb","Female Pose B","ふつうの動作","","○","","","","","","","","mrwitt@characterful_poses","mrwitt"
"","","/e femaleposec","Female Pose C","ふつうの動作","","○","","","","","","","","mrwitt@elegant_floor_hock","mrwitt"
"","","/e femaleposed","Female Pose D","ふつうの動作","","○","","","","","","","","mrwitt@femalepose_03","mrwitt"
"","","/e femaleposee","Female Pose E","ふつうの動作","","○","","","","","","","","mrwitt@femalepose_04","mrwitt"
"","","/e femaleposef","Female Pose F","ふつうの動作","","○","","","","","","","","mrwitt@femalepose_05","mrwitt"
"","","/e femaleposeg","Female Pose G","ふつうの動作","","○","","","","","","","","mrwitt@femalepose_06","mrwitt"
"","","/e femaleposeh","Female Pose H","ふつうの動作","","○","","","","","","","","mrwitt@femalepose_07","mrwitt"
"","","/e femaleposei","Female Pose I","ふつうの動作","","○","","","","","","","","mrwitt@femalepose_09","mrwitt"
"","","/e femaleposej","Female Pose J","ふつうの動作","","○","","","","","","","","mrwitt@femalepose_10","mrwitt"
"","","/e femaleposek","Female Pose K","ふつうの動作","","○","","","","","","","","mrwitt@femalepose_11","mrwitt"
"","","/e femaleposel","Female Pose L","ふつうの動作","","○","","","","","","","gun","mrwitt@finger_gun_pose","mrwitt"
"","","/e femaleposem","Female Pose M","ふつうの動作","","○","","","","","","","","mrwitt@models_in_action","mrwitt"
"","","/e femaleposen","Female Pose N","ふつうの動作","","○","","","","","","","","mrwitt@photo_session_posing","mrwitt"
"","","/e femaleposeo","Female Pose O","ふつうの動作","","○","","","","","","","","mrwitt@school_uniform_expression","mrwitt"
"","","/e femaleposep","Female Pose P","ふつうの動作","","○","","","","","","","","mrwitt@urban_posing","mrwitt"
"","","/e femaleposer","Female Pose R","ふつうの動作","","○","","","","","","","","drx@femalestand14","xrd"
"","","/e femaleposes","Female Pose S","ふつうの動作","","○","","","","","","","","drx@femalestand15","xrd"
"","","/e femaleposet","Female Pose T","ふつうの動作","","○","","","","","","","","drx@femalestand16","xrd"
"","","/e femaleposeu","Female Pose U","ふつうの動作","","○","","","","","","","","drx@f_sitcool","drx"
"","","/e femaleposev","Female Pose V","ふつうの動作","","○","","","","","","","","drx@f_standcasual1","drx"
"","","/e femaleposew","Female Pose W","ふつうの動作","","○","","","","","","","","drx@f_standcasual2","drx"
"","","/e femaleposex","Female Pose X","ふつうの動作","","○","","","","","","","","drx@femalestand7","xrd"
"","","/e femaleposey","Female Pose Y","ふつうの動作","","○","","","","","","","","drx@femalestand8","xrd"
"","","/e femaleposez","Female Pose Z","ふつうの動作","","○","","","","","","","","drx@femalestand9","xrd"
"","","/e femalesitcute","Female Sit Cute","ふつうの動作","","○","","","","","","","","sit_cute_1@dark","sit_cute_1_clip"
"","","/e femalesitcute1","Female Sit Cute 1","ふつうの動作","","○","","","","","","","","mrwitt@chin_support_on_floor","mrwitt"
"","","/e femalesitcute2","Female Sit Cute 2","ふつうの動作","","○","","","","","","","","beach_1@janina234","beach_1_clip"
"","","/e femalestandcute","Female Stand Cute Pose","ふつうの動作","","○","","","","","","","","stand_cute_6@dark","stand_cute_6_clip"
"","","/e femalestandcute1","Female Stand Cute Pose 1","ふつうの動作","","○","","","","","","","","stand_fem_1@darksj","stand_fem_1_clip"
"","","/e femalestandcute2","Female Stand Cute Pose 2","ふつうの動作","","○","","","","","","","","feet_stand_w@darksj","feet_stand_w_clip"
"","","/e femalestandcute3","Female Stand Cute Pose 3","ふつうの動作","","○","","","","","","","","anim@female_model_14","f_model_14_clip"
"","","/e femalestandcute4","Female Stand Cute Pose 4","ふつうの動作","","○","","","","","","","","anim@female_model_17","f_model_17_clip"
"","","/e femalestandcutefinger","Female Stand Cute Pose Finger","ふつうの動作","","○","","","","","","","","anim@female_model_15","f_model_15_clip"
"","","/walk Femme","Femme","歩き方","○","","","","","","","","","move_f@femme@",""
"","","/walk Femme2","Femme 2","歩き方","","","","","","","","","","move_m@femme@",""
"","","/e femscaremask","Female Scary Mask Red - Pose","物を持つ","","","○","scarymask1","","","","","","mrwitt@helloween4_f","mrwitt"
"","","/e femscaremask2","Female Scary Mask Black - Pose","物を持つ","","","○","scarymask2","","","","","","mrwitt@helloween4_f","mrwitt"
"","","/e femscaremask3","Female Scary Mask White - Pose","物を持つ","","","○","scarymask3","","","","","","mrwitt@helloween4_f","mrwitt"
"","","/e fightme","Fight Me","ふつうの動作","○","","","","","","","","eat","anim@deathmatch_intros@unarmed","intro_male_unarmed_c"
"","","/e fightme2","Fight Me 2","ふつうの動作","○","","","","","","","","eat","anim@deathmatch_intros@unarmed","intro_male_unarmed_e"
"","","/e filmshocking","Film Shocking","ふつうの動作","○","","","","","","","","","Scenario:SCENARIO","WORLD_HUMAN_MOBILE_FILM_SHOCKING"
"","","/e finger","Finger","ふつうの動作","○","","○","","","","","","","anim@mp_player_intselfiethe_bird","idle_a"
"","","/e finger2","Finger 2","ふつうの動作","○","","○","","","","","","","anim@mp_player_intupperfinger","idle_a_fp"
"","","/walk Fire","Fire","歩き方","○","","","","","","","","","move_characters@franklin@fire",""
"","","/walk Fire2","Fire 2","歩き方","○","","","","","","","","","move_characters@michael@fire",""
"","","/walk Fire3","Fire 3","歩き方","○","","","","","","","","","move_m@fire",""
"","","/e fishdance","Fish Dance","ふつうの動作","○","","○","","","","","","","anim@mp_player_intupperfind_the_fish","idle_a"
"","","/e fishing1","Fishing 1","物を持つ","","○","","prop_fishing_rod_01","","","","","fishing","amb@world_human_stand_fishing@idle_a","idle_a"
"","","/e fishing2","Fishing 2","物を持つ","","○","","prop_fishing_rod_01","","","","","fishing","amb@world_human_stand_fishing@idle_a","idle_b"
"","","/e fishing3","Fishing 3","物を持つ","","○","","prop_fishing_rod_01","","","","","fishing","amb@world_human_stand_fishing@idle_a","idle_c"
"","","/walk Flee","Flee","歩き方","○","","","","","","","","","move_f@flee@a",""
"","","/walk Flee2","Flee 2","歩き方","","","","","","","","","","move_f@flee@c",""
"","","/walk Flee3","Flee 3","歩き方","","","","","","","","","","move_m@flee@a",""
"","","/walk Flee4","Flee 4","歩き方","","","","","","","","","","move_m@flee@b",""
"","","/walk Flee5","Flee 5","歩き方","","","","","","","","","","move_m@flee@c",""
"","","/e flex","Flex","ふつうの動作","○","","","","","","","","","Scenario:SCENARIO","WORLD_HUMAN_MUSCLE_FLEX"
"","","/e flex2","Flex 2","ふつうの動作","","","○","","","","","","","frabi@malepose@solo@firstsport","pose_sport_002"
"","","/e flip","Flip","ふつうの動作","○","","","","","","","","","anim@arena@celeb@flat@solo@no_props@","flip_a_player_a"
"","","/e flip2","Flip 2","ふつうの動作","○","","","","","","","","","anim@arena@celeb@flat@solo@no_props@","cap_a_player_a"
"","","/e flipoff","Flip Off","ふつうの動作","○","","○","","","","","","","anim@arena@celeb@podium@no_prop@","flip_off_a_1st"
"","","/e flipoff2","Flip Off 2","ふつうの動作","○","","○","","","","","","","anim@arena@celeb@podium@no_prop@","flip_off_c_1st"
"","","/walk Floyd","Floyd","歩き方","","","","","","","","","","move_characters@floyd",""
"","","/e flute","Flute","物を持つ","○","","○","prop_champ_flute","","","","","","anim@heists@humane_labs@finale@keycards","ped_a_enter_loop"
"","","/e foldarms","Fold Arms","ふつうの動作","○","","○","","","","","","phone","anim@amb@business@bgen@bgen_no_work@","stand_phone_phoneputdown_idle_nowork"
"","","/e foldarms2","Fold Arms 2","ふつうの動作","○","","○","","","","","","nightclub","anim@amb@nightclub@peds@","rcmme_amanda1_stand_loop_cop"
"","","/e followa","Follow A (Front)","2人でやる","","○","","","followb","","","","","dollie_mods@follow_me_001","follow_me_001"
"","","/e followb","Follow B (Back)","2人でやる","","○","","","followa","","","","","dollie_mods@follow_me_002","follow_me_002"
"","","/e foodtraya","Food Tray","物を持つ","","","○","prop_food_bs_tray_03","","","","","","anim@heists@box_carry@","idle"
"","","/e foodtrayb","Food Tray B","物を持つ","","","○","prop_food_bs_tray_02","","","","","","anim@heists@box_carry@","idle"
"","","/e foodtrayc","Food Tray C","物を持つ","","","○","prop_food_cb_tray_02","","","","","","anim@heists@box_carry@","idle"
"","","/e foodtrayd","Food Tray D","物を持つ","","","○","prop_food_tray_02","","","","","","anim@heists@box_carry@","idle"
"","","/e foodtraye","Food Tray E","物を持つ","","","○","prop_food_tray_03","","","","","","anim@heists@box_carry@","idle"
"","","/e foodtrayf","Food Tray F","物を持つ","","","○","prop_food_bs_tray_02","","","","","","anim@heists@box_carry@","idle"
"","","/e foodtrayg","Food Tray G","物を持つ","","","○","prop_food_cb_tray_02","","","","","","anim@heists@box_carry@","idle"
"","","/e foodtrayh","Food Tray H","物を持つ","","","○","prop_food_tray_02","","","","","","anim@heists@box_carry@","idle"
"","","/e foodtrayi","Food Tray I","物を持つ","","","○","prop_food_tray_02","","","","","","anim@heists@box_carry@","idle"
"","","/e foodtrayj","Food Tray J","物を持つ","","","○","prop_food_bs_tray_02","","","","","","anim@move_f@waitress","idle"
"","","/e foodtrayk","Food Tray K","物を持つ","","","○","prop_food_bs_tray_02","","","","","","anim@move_f@waitress","idle"
"","","/e foodtrayl","Food Tray L","物を持つ","","","○","prop_food_bs_tray_03","","","","","","anim@move_f@waitress","idle"
"","","/e foodtraym","Food Tray M","物を持つ","","","○","prop_food_cb_tray_02","","","","","","anim@move_f@waitress","idle"
"","","/e foodtrayn","Food Tray N","物を持つ","","","○","prop_food_tray_02","","","","","","anim@move_f@waitress","idle"
"","","/e foodtrayo","Food Tray O","物を持つ","","","○","prop_food_tray_02","","","","","","anim@move_f@waitress","idle"
"","","/walk Franklin","Franklin","歩き方","○","","","","","","","","","move_p_m_one",""
"","","/e frappe","Frappe","物を持つ","","","○","brum_heartfrappe","","","","","drinking drink","amb@code_human_wander_drinking@male@base","static"
"","","/e frappe2","Frappe 2","物を持つ","","","○","beanmachine_cup","","","","","drinking drink","amb@code_human_wander_drinking@female@base","static"
"","","/e frappe3","Frappe 3","物を持つ","","","○","beanmachine_cup2","","","","","drinking drink","amb@code_human_wander_drinking@female@base","static"
"","","/e frappe4","Frappe 4","物を持つ","","","○","beanmachine_cup3","","","","","drinking drink","amb@code_human_wander_drinking@female@base","static"
"","","/mood Frustrated","Frustrated","表情","","","","","","","","","","mood_frustrated_1",""
"","","/e fspose","F Sex Pose","ふつうの動作","","○","","","","","○","","yoga","missfam5_yoga","c2_pose"
"","","/e fspose2","F Sex Pose 2","ふつうの動作","","○","","","","車の外だけ","○","","yoga","missfam5_yoga","c6_pose"
"","","/e fspose3","F Sex Pose 3","ふつうの動作","","○","","","","","○","","","anim@amb@carmeet@checkout_car@","female_c_idle_d"
"","","/e ftorch","Fire Torch","物を持つ","","","○","bzzz_prop_torch_fire001","","","","","","anim@heists@humane_labs@finale@keycards","ped_a_enter_loop"
"","","/e ftorch2","Fire Torch 2","物を持つ","","","○","bzzz_prop_torch_fire001","","","","","","special_ped@griff@base","base"
"","","/e fuel","Fuel","物を持つ","","","○","w_am_jerrycan","","","","","","weapons@misc@jerrycan@","fire"
"","","/e fuel2","Fuel 2 (Carry)","物を持つ","","","○","w_am_jerrycan","","","","","","weapons@misc@jerrycan@franklin","idle"
"","","/e gamer","Gamer","物を持つ","","○","","prop_controller_01","","","","","","playing@with_controller","base"
"","","/e gamer2","Gamer Laying On Stomach","物を持つ","","○","","prop_controller_01","","","","","","lay_controller@dark","lay_controller_clip"
"","","/e gangsign","Gang Sign","ふつうの動作","○","","○","","","","","","","mp_player_int_uppergang_sign_a","mp_player_int_gang_sign_a"
"","","/e gangsign2","Gang Sign 2","ふつうの動作","○","","○","","","","","","","mp_player_int_uppergang_sign_b","mp_player_int_gang_sign_b"
"","","/e gangsign3","Gang Sign 3","ふつうの動作","","","○","","","","","","","amb@code_human_in_car_mp_actions@gang_sign_b@low@ps@base","idle_a"
"","","/e gangsign4","Gang Sign 4","ふつうの動作","","","○","","","","","","","amb@code_human_in_car_mp_actions@v_sign@std@rds@base","idle_a"
"","","/walk Gangster","Gangster","歩き方","○","","","","","","","","","move_m@gangster@generic",""
"","","/walk Gangsterb","Gangster 2","歩き方","","","","","","","","","","move_gangster",""
"","","/walk Gangsterc","Gangster 3","歩き方","","","","","","","","","","move_m@gangster@ng",""
"","","/walk Gangsterd","Gangster 4","歩き方","","","","","","","","","","move_m@gangster@var_a",""
"","","/walk Gangstere","Gangster 5","歩き方","","","","","","","","","","move_m@gangster@var_b",""
"","","/walk Gangsterf","Gangster 6","歩き方","","","","","","","","","","move_m@gangster@var_c",""
"","","/walk Gangsterg","Gangster 7","歩き方","","","","","","","","","","move_m@gangster@var_d",""
"","","/walk Gangsterh","Gangster 8","歩き方","","","","","","","","","","move_m@gangster@var_e",""
"","","/walk Gangsteri","Gangster 9","歩き方","","","","","","","","","","move_m@gangster@var_f",""
"","","/walk Gangsterj","Gangster 10","歩き方","","","","","","","","","","move_m@gangster@var_g",""
"","","/walk Gangsterk","Gangster 11","歩き方","","","","","","","","","","move_m@gangster@var_h",""
"","","/walk Gangsterl","Gangster 12","歩き方","","","","","","","","","","move_m@gangster@var_i",""
"","","/walk Gangsterm","Gangster 13","歩き方","","","","","","","","","","move_m@gangster@var_j",""
"","","/walk Gangstern","Gangster 14","歩き方","","","","","","","","","","move_m@gangster@var_k",""
"","","/e garden","Gardening","ふつうの動作","","","","","","","","","","Scenario:SCENARIO","WORLD_HUMAN_GARDENER_PLANT"
"","","/e gbag","Garbage Bag","物を持つ","","","○","prop_cs_street_binbag_01","","","","","","missfbi4prepp1","_idle_garbage_man"
"","","/e gbin","Garbage Bin","物を持つ","","","○","prop_bin_08open","","","","","","anim@heists@box_carry@","idle"
"","","/e gbin2","Garbage Bin 2","物を持つ","","","○","prop_cs_bin_01","","","","","","anim@heists@box_carry@","idle"
"","","/e gbin3","Garbage Bin 3","物を持つ","","","○","prop_cs_bin_03","","","","","","anim@heists@box_carry@","idle"
"","","/e gbin4","Garbage Bin 4","物を持つ","","","○","prop_bin_08a","","","","","","anim@heists@box_carry@","idle"
"","","/e gbin5","Garbage Bin 5","物を持つ","","","○","prop_bin_07d","","","","","","anim@heists@box_carry@","idle"
"","","/walk Generic","Generic Male","歩き方","","","","","","","","","","move_m@generic",""
"","","/walk Generic2","Generic Female","歩き方","","","","","","","","","","move_f@generic",""
"","","/e gift","Gift","物を持つ","","","○","bzzz_prop_gift_orange","","","","","","hold_flowers@dad","hold_flowers_clip"
"","","/e gift2","Gift 2","物を持つ","","","○","bzzz_prop_gift_purple","","","","","","hold_flowers@dad","hold_flowers_clip"
"","","/e gingerbread","Xmas Gingerbread Man","物を持つ","","","○","bzzz_food_xmas_gingerbread_a","","","","","eat","mp_player_inteat@burger","mp_player_int_eat_burger"
"","","/e give","Give","2人でやる","○","","○","","give2","","","","","mp_common","givetake1_a"
"","","/e give2","Give 2","2人でやる","○","","○","","give","","","","","mp_common","givetake1_b"
"","","/e givedrink","Give Drink - Beer","物を持つ","","","","prop_amb_beer_bottle","","","","","nightclub drinking drink","anim@amb@nightclub@mini@drinking@bar@drink@beer","intro_bartender"
"","","/e givedrink2","Give Drink - Beer In Bag","物を持つ","","","","p_cs_bottle_01","","","","","nightclub drinking drink","anim@amb@nightclub@mini@drinking@bar@drink@beer","intro_bartender"
"","","/e givedrink3","Give Drink - Beer Can","物を持つ","","","","v_res_tt_can01","","","","","nightclub drinking drink","anim@amb@nightclub@mini@drinking@bar@drink@beer","intro_bartender"
"","","/e golfswing","Golf Swing","物を持つ","○","○","","prop_golf_wood_01","","","","","","rcmnigel1d","swing_a_mark"
"","","/e grieve","Grieve The Dead","ふつうの動作","","","○","","","","","","","anim@miss@low@fin@vagos@","idle_ped05"
"","","/walk Grooving","Grooving Male","歩き方","○","","","","","","","","","anim@move_m@grooving@",""
"","","/walk Grooving2","Grooving Female","歩き方","","","","","","","","","","anim@move_f@grooving@",""
"","","/mood Grumpy","Grumpy","表情","","","","","","","","","","effort_1",""
"","","/mood Grumpy2","Grumpy 2","表情","","","","","","","","","","mood_drivefast_1",""
"","","/mood Grumpy3","Grumpy 3","表情","","","","","","","","","","pose_angry_1",""
"","","/e guard","Guard","ふつうの動作","○","","","","","","","","","Scenario:SCENARIO","WORLD_HUMAN_GUARD_STAND"
"","","/walk Guard","Guard","歩き方","○","","","","","","","","","move_m@prison_gaurd",""
"","","/e guitar","Guitar","物を持つ","○","","○","prop_acc_guitar_01","","","","","guitar","amb@world_human_musician@guitar@male@idle_a","idle_b"
"","","/e guitar2","Guitar 2","物を持つ","○","","○","prop_acc_guitar_01","","","","","eat guitar","switch@trevor@guitar_beatdown","001370_02_trvs_8_guitar_beatdown_idle_busker"
"","","/e guitar3","Guitar 3 - Pink","物を持つ","","","○","prop_rpemotesreborn_guitar_001","","","","","guitar","amb@world_human_musician@guitar@male@idle_a","idle_b"
"","","/e guitar4","Guitar 4 - Pink","物を持つ","","","○","prop_rpemotesreborn_guitar_001","","","","","eat guitar","switch@trevor@guitar_beatdown","001370_02_trvs_8_guitar_beatdown_idle_busker"
"","","/e guitar5","Guitar - Pride","物を持つ","","","○","prop_rpemotesreborn_guitar_002","","","","","guitar","amb@world_human_musician@guitar@male@idle_a","idle_b"
"","","/e guitar6","Guitar - Pride 2","物を持つ","","","○","prop_rpemotesreborn_guitar_002","","","","","eat guitar","switch@trevor@guitar_beatdown","001370_02_trvs_8_guitar_beatdown_idle_busker"
"","","/e guitarcarry","Guitar Case Carry","物を持つ","","","○","sf_prop_sf_guitar_case_01a","","","","","","move_weapon@jerrycan@generic","idle"
"","","/e guitarcarry2","Guitar Carry Accoustic","物を持つ","","","○","prop_acc_guitar_01","","","","","","move_weapon@jerrycan@generic","idle"
"","","/e guitarcarry3","Guitar Carry Accoustic - Pink","物を持つ","","","○","prop_rpemotesreborn_guitar_001","","","","","","move_weapon@jerrycan@generic","idle"
"","","/e guitarcarry4","Guitar Carry Accoustic - Pride","物を持つ","","","○","prop_rpemotesreborn_guitar_002","","","","","","move_weapon@jerrycan@generic","idle"
"","","/e guitarcarry5","Guitar Carry Electric","物を持つ","","","○","prop_el_guitar_01","","","","","","move_weapon@jerrycan@generic","idle"
"","","/e guitarcarry6","Guitar Carry Electric 2","物を持つ","","","○","prop_el_guitar_02","","","","","","move_weapon@jerrycan@generic","idle"
"","","/e guitarcarry7","Guitar Carry Electric 3","物を持つ","","","○","prop_el_guitar_03","","","","","","move_weapon@jerrycan@generic","idle"
"","","/e guitarcarry8","Guitar Carry Electric 4","物を持つ","","","○","vw_prop_casino_art_guitar_01a","","","","","","move_weapon@jerrycan@generic","idle"
"","","/e guitarcarry9","Guitar Carry Electric 5","物を持つ","","","○","sf_prop_sf_el_guitar_02a","","","","","","move_weapon@jerrycan@generic","idle"
"","","/e guitarelectric","Guitar Electric","物を持つ","○","","○","prop_el_guitar_01","","","","","guitar","amb@world_human_musician@guitar@male@idle_a","idle_b"
"","","/e guitarelectric2","Guitar Electric 2","物を持つ","○","","○","prop_el_guitar_03","","","","","guitar","amb@world_human_musician@guitar@male@idle_a","idle_b"
"","","/e guitarsit","Guitar Sit And Play","物を持つ","","○","","prop_acc_guitar_01","","","","","","misssnowie@gatlax","base"
"","","/e guitarsit2","Guitar Sit And Play 2 - Pink","物を持つ","","○","","prop_rpemotesreborn_guitar_001","","","","","","misssnowie@gatlax","base"
"","","/e guitarsit3","Guitar Sit And Play 2 - Pride","物を持つ","","○","","prop_rpemotesreborn_guitar_002","","","","","","misssnowie@gatlax","base"
"","","/e guncase","Guncase","物を持つ","","","○","prop_gun_case_01","","","","","","move_weapon@jerrycan@generic","idle"
"","","/e gungirl1","Rifle Pose","ふつうの動作","","○","","","","","","","gun","anim@female_gunbunny_rifle_photo","rifle_photo_clip"
"","","/e gunpoint","Gun Point - Robbery","ふつうの動作","","","○","","","","","","gun","male_gun@vanessssi","male_gun_clip"
"","","/e gym","Gym - Squats","ふつうの動作","","○","","","","","","","","mouse@air_squat","air_squat_clip"
"","","/e gym2","Gym - Crunches","ふつうの動作","","○","","","","","","","","mouse@byc_crunch","byc_crunch_clip"
"","","/e gym3","Gym - Jumping","ふつうの動作","","○","","","","","","","","mouse@jump_exc","jump_exc_clip"
"","","/e gym4","Gym - Jumping Jacks","ふつうの動作","","○","","","","","","","","mouse@jump_jack","jump_jack_clip"
"","","/e gym5","Gym - Sit Up","ふつうの動作","","○","","","","","","","","mouse@situp","situp_clip"
"","","/e gympose","Gym Pose","ふつうの動作","","○","","","","車の外だけ","","","","frabi@malepose@solo@firstsport","pose_sport_001"
"","","/e gympose2","Gym Pose 2 - One Handed Push Up","ふつうの動作","","○","","","","車の外だけ","","","","frabi@malepose@solo@firstsport","pose_sport_005"
"","","/e gympose3","Gym Pose 3 - Planking Pose","ふつうの動作","","○","","","","車の外だけ","","","","frabi@femalepose@solo@firstsport","fem_pose_sport_004"
"","","/e gympose4","Gym Pose 4 - Sit Ups Pose","ふつうの動作","","○","","","","車の外だけ","","","","frabi@femalepose@solo@firstsport","fem_pose_sport_005"
"","","/e hammer","Hammer","ふつうの動作","○","","","","","","","","","Scenario:SCENARIO","WORLD_HUMAN_HAMMERING"
"","","/e handbag","Hand Bag","物を持つ","","","○","prop_amb_handbag_01","","","","","","move_weapon@jerrycan@generic","idle"
"","","/e handbag2","Hand Bag 2","物を持つ","","","○","v_ret_ps_bag_02","","","","","","move_weapon@jerrycan@generic","idle"
"","","/walk Handcuffs","Handcuffs","歩き方","○","","","","","","","","","move_m@prisoner_cuffed",""
"","","/e handshake","Handshake","ふつうの動作","○","","○","","","","","","","mp_ped_interaction","handshake_guy_a"
"","","/e handshake","Handshake","2人でやる","○","","○","","handshake2","","","","","mp_ped_interaction","handshake_guy_a"
"","","/e handshake2","Handshake 2","2人でやる","○","","○","","handshake","","","","","mp_ped_interaction","handshake_guy_b"
"","","/e handshake2","Handshake 2","ふつうの動作","○","","○","","","","","","","mp_ped_interaction","handshake_guy_b"
"","","/e handsup","Hands Up","ふつうの動作","○","","○","","","","","","","missminuteman_1ig_2","handsup_base"
"","","/e handsup2","Hands Up 2","ふつうの動作","","","○","","","","","","","anim@mp_player_intuppersurrender","idle_a_fp"
"","","/e handsup3","Hands Up 3","ふつうの動作","","","○","","","","","","","anim@mp_rollarcoaster","hands_up_idle_a_player_one"
"","","/e handsup4","Hands Up 4","ふつうの動作","","","○","","","","","","eat lean","anim@scripted@bty2@ig2_beat_target@male@","leaning_idle_bounty"
"","","/e handsup5","Hands Up 5","ふつうの動作","","","○","","","","","","eat","anim@scripted@bty2@ig2_beat_target@male@","standing_idle_bounty"
"","","/e hangout","Hangout","ふつうの動作","○","","","","","","","","","Scenario:SCENARIO","WORLD_HUMAN_HANG_OUT_STREET"
"","","/mood Happy","Happy","表情","","","","","","","","","","mood_happy_1",""
"","","/e headbutt","Headbutt","2人でやる","○","","","","headbutted","","","","melee","melee@unarmed@streamed_variations","plyr_takedown_front_headbutt"
"","","/e headbutt","Headbutt","ふつうの動作","○","","","","","","","","melee","melee@unarmed@streamed_variations","plyr_takedown_front_headbutt"
"","","/e headbutted","Headbutted","2人でやる","○","","","","headbutt","","","","melee","melee@unarmed@streamed_variations","victim_takedown_front_headbutt"
"","","/e heartprop","Heart Prop","物を持つ","","","○","brum_heart","","","","","","anim@heists@box_carry@","idle"
"","","/walk Heels","Heels","歩き方","○","","","","","","","","","move_f@heels@c",""
"","","/walk Heels2","Heels 2","歩き方","○","","","","","","","","","move_f@heels@d",""
"","","/e hhands","Heart Hands","ふつうの動作","","","○","","","","","","","misssnowie@hearthands","base"
"","","/e hidegun","Hide a gun","ふつうの動作","","","○","","","","","","","pistol_b_b@dark","pistol_b_b_clip"
"","","/mood High","High","表情","","","","","","","","","dancing","mood_dancing_high_1",""
"","","/e hiking","Hiking","ふつうの動作","○","","○","","","","","","","move_m@hiking","idle"
"","","/walk Hiking","Hiking","歩き方","○","","","","","","","","","move_m@hiking",""
"","","/walk Hiking2","Hiking 2","歩き方","","","","","","","","","","move_f@hiking",""
"","","/walk Hipster","Hipster","歩き方","○","","","","","","","","","move_m@hipster@a",""
"","","/e hitchhike","Hitchhike","物を持つ","","","○","w_am_jerrycan","","","","","","random@hitch_lift","idle_f"
"","","/walk Hobo","Hobo","歩き方","○","","","","","","","","","move_m@hobo@a",""
"","","/walk Hobo2","Hobo 2","歩き方","","","","","","","","","","move_m@hobo@b",""
"","","/e hoe","Hoe","物を持つ","","○","","prop_tool_shovel5","","","","","","anim@amb@drug_field_workers@rake@male_a@base","base"
"","","/e hoe2","Hoe 2","物を持つ","","○","","prop_tool_shovel5","","","","","","anim@amb@drug_field_workers@rake@male_a@idles","idle_b"
"","","/e hoe3","Hoe 3","物を持つ","","○","","prop_tool_shovel5","","","","","","anim@amb@drug_field_workers@rake@male_b@idles","idle_c"
"","","/e hoe4","Hoe 4","物を持つ","","○","","prop_tool_shovel5","","","","","","anim@amb@drug_field_workers@rake@male_b@idles","idle_d"
"","","/e holdfw","Hold Firework","物を持つ","","","○","ind_prop_firework_01","","","","○","","anim@heists@humane_labs@finale@keycards","ped_a_enter_loop"
"","","/e holdme","Hold Me","2人でやる","","○","","","holdmeb","","","","","mx_couple5_1_a","mx_couple5_1_a_clip"
"","","/e holdmeb","Be Held","2人でやる","","○","","","holdme","","","","","mx_couple5_1_b","mx_couple5_1_b_clip"
"","","/e holdmec","Hold Me 2","2人でやる","","○","","","holdmed","","","","","mx_couple5_2_a","mx_couple5_2_a_clip"
"","","/e holdmed","Be Held 2","2人でやる","","○","","","holdmec","","","","","mx_couple5_2_b","mx_couple5_2_b_clip"
"","","/e holdmee","Hold Me 3","2人でやる","","○","","","holdmef","","","","","mx_couple5_3_a","mx_couple5_3_a_clip"
"","","/e holdmef","Be Held 3","2人でやる","","○","","","holdmee","","","","","mx_couple5_3_b","mx_couple5_3_b_clip"
"","","/e holster","Holster","ふつうの動作","","","○","","","","","","","move_m@intimidation@cop@unarmed","idle"
"","","/e holster2","Holster 2","ふつうの動作","","","○","","","","","","","mads@police_reaching_holster","idle"
"","","/e holster3","Holster 3","ふつうの動作","","","○","","","","","","","anim@hlstr_7360_walk","holster_walk"
"","","/e holster4","Holster 4 - Stop","ふつうの動作","","","○","","","","","","","anim@hlstr_7360_hold","holster_stop"
"","","/e holster5","Holster 5 - Stop 2","ふつうの動作","","","○","","","","","","","anim@holster_hold_there","holster_hold"
"","","/e holster6","Holster 6 - Flash Light","物を持つ","","","○","prop_cs_police_torch_02","","","","","","anim@hlstr_7360_torch","flsh_ps"
"","","/e holster8","Holster 8 Flashlight 2","物を持つ","","","○","prop_cs_police_torch_02","","","","","","anim@holster_walk_torch","flash_ps"
"","","/e hostage","Take hostage","2人でやる","","","○","","hostage2","","","","","anim@gangops@hostage@","perp_idle"
"","","/e hostage2","Be hostage","2人でやる","","○","","","hostage","","","","","anim@gangops@hostage@","victim_idle"
"","","/e hotdog","Hotdog","物を持つ","","","○","prop_cs_hotdog_02","","","","","eat","mp_player_inteat@burger","mp_player_int_eat_burger"
"","","/e hug","Hug","2人でやる","○","","","","hug2","","","","kiss","mp_ped_interaction","kisses_guy_a"
"","","/e hug2","Hug 2","2人でやる","○","","","","hug","","","","kiss","mp_ped_interaction","kisses_guy_b"
"","","/e hugme","Hug Me","ふつうの動作","","","","","","","","","kiss","mp_ped_interaction","kisses_guy_a"
"","","/e hugme2","Hug Me 2","ふつうの動作","","","","","","","","","kiss","mp_ped_interaction","kisses_guy_b"
"","","/e hugpose","Hug Pose","2人でやる","","○","","","hugpose2","","","","","amnilka@photopose@couple@couplefirst","amnilka_couple_mal_001"
"","","/e hugpose2","Hug Pose With Me?","2人でやる","","○","","","hugpose","","","","","amnilka@photopose@couple@couplefirst","amnilka_couple_fem_001"
"","","/e hugr","Hug Romantic 1","2人でやる","","○","","","hugr2","","","","","misscarsteal2chad_goodbye","chad_armsaround_chad"
"","","/e hugr2","Hug Romantic 2","2人でやる","","○","","","hugr","","","","","misscarsteal2chad_goodbye","chad_armsaround_girl"
"","","/e hugtip","Hug Pose Tippy Toes","2人でやる","","○","","","hugtip2","","","","","littlespoon@friendship007","friendship007"
"","","/e hugtip2","Hug Pose Tippy Toes 2","2人でやる","","○","","","hugtip","","","","","littlespoon@friendship008","friendship008"
"","","/e hump","Hump","ふつうの動作","","○","","","","","○","","","timetable@trevor@skull_loving_bear","skull_loving_bear"
"","","/e hump2","Hump (Bear)","物を持つ","","○","","prop_mr_raspberry_01","","","○","","","timetable@trevor@skull_loving_bear","skull_loving_bear"
"","","/e hunched","Hunched","ふつうの動作","","○","","","","車の外だけ","","","","missexile3","ex03_train_roof_idle"
"","","/walk Hurry","Hurry Male","歩き方","○","","","","","","","","","move_m@hurry@a",""
"","","/walk Hurry2","Hurry Female","歩き方","","","","","","","","","","move_f@hurry@a",""
"","","/walk Hurry3","Hurry Female 2","歩き方","","","","","","","","","","move_f@hurry@b",""
"","","/walk Hurry4","Hurry 4","歩き方","","","","","","","","","","move_m@hurry@b",""
"","","/walk Hurry5","Hurry 5","歩き方","","","","","","","","","","move_m@hurry@c",""
"","","/e icecreama","Ice cream Cherry","物を持つ","","","○","bzzz_icecream_cherry","","","","","eat","mp_player_inteat@burger","mp_player_int_eat_burger"
"","","/e icecreamb","Ice cream Chocolate","物を持つ","","","○","bzzz_icecream_chocolate","","","","","eat","mp_player_inteat@burger","mp_player_int_eat_burger"
"","","/e icecreamc","Ice cream Lemon","物を持つ","","","○","bzzz_icecream_lemon","","","","","eat","mp_player_inteat@burger","mp_player_int_eat_burger"
"","","/e icecreamd","Ice cream Pistachio","物を持つ","","","○","bzzz_icecream_pistachio","","","","","eat","mp_player_inteat@burger","mp_player_int_eat_burger"
"","","/e icecreame","Ice cream Raspberry","物を持つ","","","○","bzzz_icecream_raspberry","","","","","eat","mp_player_inteat@burger","mp_player_int_eat_burger"
"","","/e icecreamf","Ice cream Stracciatella","物を持つ","","","○","bzzz_icecream_stracciatella","","","","","eat","mp_player_inteat@burger","mp_player_int_eat_burger"
"","","/e icecreamg","Ice cream Strawberry","物を持つ","","","○","bzzz_icecream_strawberry","","","","","eat","mp_player_inteat@burger","mp_player_int_eat_burger"
"","","/e icecreamh","Ice cream Walnut","物を持つ","","","○","bzzz_icecream_walnut","","","","","eat","mp_player_inteat@burger","mp_player_int_eat_burger"
"","","/e icefishing","Ice Fishing","物を持つ","","○","","pprp_icefishing_box_02","","","","","","timetable@ron@ig_3_couch","base"
"","","/e icefishing2","Ice Fishing 2","物を持つ","","","○","pprp_icefishing_box_01","","","","","","move_weapon@jerrycan@generic","idle"
"","","/e idcard","ID Card 1","物を持つ","","","○","prop_franklin_dl","","","","","","cop_badge_1@dad","cop_badge_1_clip"
"","","/e idcardb","ID Card 2 - FIB","物を持つ","","","○","prop_fib_badge","","","","","","paper_1_rcm_alt1-8","player_one_dual-8"
"","","/e idcardc","ID Card 3","物を持つ","","","○","prop_michael_sec_id","","","","","","cop_badge_1@dad","cop_badge_1_clip"
"","","/e idcardd","ID Card 4","物を持つ","","","○","prop_trev_sec_id","","","","","","cop_badge_1@dad","cop_badge_1_clip"
"","","/e idcarde","ID Card 5","物を持つ","","","○","prop_casey_sec_id","","","","","","cop_badge_1@dad","cop_badge_1_clip"
"","","/e idcardf","ID Card 6","物を持つ","","","○","prop_cs_r_business_card","","","","","","cop_badge_1@dad","cop_badge_1_clip"
"","","/e idcardg","ID Card 7","物を持つ","","","○","p_ld_id_card_002","","","","","","cop_badge_1@dad","cop_badge_1_clip"
"","","/e idcardh","ID Card 8 - Cop Badge","物を持つ","","","○","prop_cop_badge","","","","","","cop_badge_1@dad","cop_badge_1_clip"
"","","/e idcardi","ID Card 9 - Drivers License","物を持つ","","","○","bkr_prop_fakeid_singledriverl","","","","","","paper_1_rcm_alt1-8","player_one_dual-8"
"","","/e idle","Idle","ふつうの動作","○","○","","","","","","","","anim@heists@heist_corona@team_idles@male_a","idle"
"","","/e idle10","Idle 10","ふつうの動作","○","","○","","","","","","","mp_move@prostitute@m@french","idle"
"","","/e idle11","Idle 11","ふつうの動作","○","○","","","","","","","","random@countrysiderobbery","idle_a"
"","","/e idle12","Idle 12","ふつうの動作","","○","","","","","","","","mp_corona_idles@female_b@base","base"
"","","/e idle13","Idle 13","ふつうの動作","","○","","","","","","","","mp_corona_idles@female_c@base","base"
"","","/e idle14","Idle 14","ふつうの動作","","○","","","","","","","","random@countrysiderobbery","idle_a"
"","","/e idle15","Idle 15","ふつうの動作","","○","","","","","","","","anim_heist@arcade_combined@","female_hold_arm@_base_base"
"","","/e idle16","Idle 16","ふつうの動作","","○","","","","","","","","anim_heist@arcade_combined@","ped_female@_stand@_02a@_base_base"
"","","/e idle17","Idle 17","ふつうの動作","","○","","","","","","","","anim_heist@arcade_combined@","amb_world_human_hang_out_street_female_hold_arm_idle_b"
"","","/e idle18","Idle 18","ふつうの動作","","○","","","","","","","","mp_move@prostitute@m@hooker","idle"
"","","/e idle19","Idle 19","ふつうの動作","","○","","","","","","","","missdocksshowoffcar@base","base_4"
"","","/e idle2","Idle 2","ふつうの動作","○","○","","","","","","","","anim@heists@heist_corona@team_idles@female_a","idle"
"","","/e idle3","Idle 3","ふつうの動作","○","○","","","","","","","","anim@heists@humane_labs@finale@strip_club","ped_b_celebrate_loop"
"","","/e idle4","Idle 4","ふつうの動作","○","○","","","","","","","","anim@mp_celebration@idles@female","celebration_idle_f_a"
"","","/e idle5","Idle 5","ふつうの動作","○","○","","","","","","","","anim@mp_corona_idles@female_b@idle_a","idle_a"
"","","/e idle6","Idle 6","ふつうの動作","○","○","","","","","","","","anim@mp_corona_idles@male_c@idle_a","idle_a"
"","","/e idle7","Idle 7","ふつうの動作","○","○","","","","","","","","anim@mp_corona_idles@male_d@idle_a","idle_a"
"","","/e idle8","Idle 8","ふつうの動作","○","","","","","","","","","amb@world_human_hang_out_street@male_b@idle_a","idle_b"
"","","/e idle9","Idle 9","ふつうの動作","○","○","","","","","","","","friends@fra@ig_1","base_idle"
"","","/e idledrunk","Idle Drunk","ふつうの動作","○","○","","","","","","","","random@drunk_driver_1","drunk_driver_stand_loop_dd1"
"","","/e idledrunk2","Idle Drunk 2","ふつうの動作","○","○","","","","","","","","random@drunk_driver_1","drunk_driver_stand_loop_dd2"
"","","/e idledrunk3","Idle Drunk 3","ふつうの動作","○","○","","","","","","","","missarmenian2","standing_idle_loop_drunk"
"","","/e illuminati","Illuminati Hand Sign","ふつうの動作","","","○","","","","","","","ebrwny_illum","ebrwny_illum003"
"","","/e illuminati2","Illuminati Hand Sign 2","ふつうの動作","","","○","","","","","","","ebrwny_illum","ebrwny_illum001"
"","","/e illuminati3","Illuminati Hand Sign 3","ふつうの動作","","","○","","","","","","","ebrwny_illum","ebrwny_illum002"
"","","/e impatient","Impatient","ふつうの動作","○","","","","","","","","","Scenario:SCENARIO","WORLD_HUMAN_STAND_IMPATIENT"
"","","/e impatient2","impatient 2","ふつうの動作","","○","","","","","","","","oddjobs@taxi@gyn@cc@intro","f_impatient_b"
"","","/mood Injured","Injured","表情","","","","","","","","","","mood_injured_1",""
"","","/walk Injured","Injured","歩き方","","","","","","","","","","move_m@injured",""
"","","/walk Injured2","Injured 2 - Female","歩き方","","","","","","","","","","move_f@injured",""
"","","/e inspect","Inspect","ふつうの動作","○","","","","","","","","","random@train_tracks","idle_e"
"","","/e inspect2","Inspect 2","ふつうの動作","","","","","","","","","","anim@amb@carmeet@checkout_engine@","female_c_idle_d"
"","","/e inspect3","Inspect 3","ふつうの動作","","","","","","","","","","anim@amb@carmeet@checkout_car@","female_b_idle_d"
"","","/walk Intimidation","Intimidation","歩き方","","","","","","","","","","move_m@intimidation@1h",""
"","","/walk Intimidation2","Intimidation 2","歩き方","","","","","","","","","","move_m@intimidation@cop@unarmed",""
"","","/walk Intimidation3","Intimidation 3","歩き方","","","","","","","","","","move_m@intimidation@unarmed",""
"","","/e islampray1","Islam Pray - Qiyam Sadl","ふつうの動作","","○","","","","","","","","smo@prayer_posepack_01","prayer_posepack_01_clip"
"","","/e islampray10","Islam Pray - Tasleem 3","ふつうの動作","","○","","","","","","","","smo@prayer_posepack_10","prayer_posepack_10_clip"
"","","/e islampray11","Islam Pray - Julus 2","ふつうの動作","","○","","","","","","","","smo@prayer_posepack_11","prayer_posepack_11_clip"
"","","/e islampray12","Islam Pray - Julus 3","ふつうの動作","","○","","","","","","","","smo@prayer_posepack_12","prayer_posepack_12_clip"
"","","/e islampray13","Islam Pray - Sujud 2","ふつうの動作","","○","","","","","","","","smo@prayer_posepack_13","prayer_posepack_13_clip"
"","","/e islampray2","Islam Pray - Takbir","ふつうの動作","","○","","","","","","","","smo@prayer_posepack_02","prayer_posepack_02_clip"
"","","/e islampray3","Islam Pray - Qiyam Qabd","ふつうの動作","","○","","","","","","","","smo@prayer_posepack_03","prayer_posepack_03_clip"
"","","/e islampray4","Islam Pray - Ruku","ふつうの動作","","○","","","","","","","","smo@prayer_posepack_04","prayer_posepack_04_clip"
"","","/e islampray5","Islam Pray - Sujud 1","ふつうの動作","","○","","","","","","","","smo@prayer_posepack_05","prayer_posepack_05_clip"
"","","/e islampray6","Islam Pray - Julus","ふつうの動作","","○","","","","","","","","smo@prayer_posepack_06","prayer_posepack_06_clip"
"","","/e islampray7","Islam Pray - Tasleem","ふつうの動作","","○","","","","","","","","smo@prayer_posepack_07","prayer_posepack_07_clip"
"","","/e islampray8","Islam Pray - Tasleem 2","ふつうの動作","","○","","","","","","","","smo@prayer_posepack_08","prayer_posepack_08_clip"
"","","/e islampray9","Islam Pray - tashahhud","ふつうの動作","","○","","","","","","","","smo@prayer_posepack_09","prayer_posepack_09_clip"
"","","/e janitor","Janitor","ふつうの動作","○","","","","","","","","","Scenario:SCENARIO","WORLD_HUMAN_JANITOR"
"","","/walk Janitor","Janitor","歩き方","○","","","","","","","","","move_p_m_zero_janitor",""
"","","/walk Janitor2","Janitor 2","歩き方","○","","","","","","","","","move_p_m_zero_slow",""
"","","/e jazzhands","Jazzhands","ふつうの動作","○","","○","","","","","","","anim@mp_player_intcelebrationfemale@jazz_hands","jazz_hands"
"","","/e jerkf","JerkOff! Female","物を持つ","","","○","prop_cs_dildo_01","","","○","","","switch@trevor@jerking_off","trev_jerking_off_loop"
"","","/e jewishpray","Jewish Pray","ふつうの動作","","○","","","","","","","","smo@prayer_posepack_14","prayer_posepack_14_clip"
"","","/e jewishpray2","Jewish Pray 2","ふつうの動作","","○","","","","","","","","smo@prayer_posepack_15","prayer_posepack_15_clip"
"","","/walk Jimmy","Jimmy","歩き方","","","","","","","","","","move_characters@jimmy",""
"","","/e jog","Jog","ふつうの動作","○","","","","","","","","","Scenario:SCENARIO","WORLD_HUMAN_JOG_STANDING"
"","","/e jog2","Jog 2","ふつうの動作","○","","○","","","","","","","amb@world_human_jog_standing@male@idle_a","idle_a"
"","","/e jog3","Jog 3","ふつうの動作","○","","○","","","","","","","amb@world_human_jog_standing@female@idle_a","idle_a"
"","","/e jog4","Jog 4","ふつうの動作","○","","○","","","","","","","amb@world_human_power_walker@female@idle_a","idle_a"
"","","/e jog5","Jog 5","ふつうの動作","○","","○","","","","","","","move_m@joy@a","walk"
"","","/walk Jog","Jog","歩き方","○","","","","","","","","","move_m@jog@",""
"","","/e joint","Joint","物を持つ","○","","○","p_cs_joint_01","","","","○","smoking","amb@world_human_smoking@male@male_a@enter","enter"
"","","/e joint2","Pass The Blunt","物を持つ","","","○","p_cs_joint_01","","","","○","smoke","smoke_m@sel","smoke_m_clip"
"","","/mood Joyful","Joyful","表情","","","","","","","","","dancing","mood_dancing_low_1",""
"","","/mood Joyful2","Joyful 2","表情","","","","","","","","","dancing","mood_dancing_low_2",""
"","","/e jumpingjacks","Jumping Jacks","ふつうの動作","○","○","","","","","","","","timetable@reunited@ig_2","jimmy_getknocked"
"","","/e k12saw","Firefighter K12 Saw","物を持つ","","","○","prop_tool_consaw","","","","○","","anim@heists@fleeca_bank@drilling","drill_straight_end"
"","","/e k9pose","Hug Dog","ふつうの動作","","○","","","","","","","","anim@k9_pose","hug_dog"
"","","/e karate","Karate","ふつうの動作","○","","","","","","","","","anim@mp_player_intcelebrationfemale@karate_chops","karate_chops"
"","","/e karate2","Karate 2","ふつうの動作","○","","","","","","","","","anim@mp_player_intcelebrationmale@karate_chops","karate_chops"
"","","/e keyfob","Key Fob","ふつうの動作","○","","○","","","","","","","anim@mp_player_intmenu@key_fob@","fob_click"
"","","/e kick","Kick","ふつうの動作","","○","","","","","","","eat","missheistdockssetup1ig_13@kick_idle","guard_beatup_kickidle_guard1"
"","","/e kick2","Kick 2","ふつうの動作","","○","","","","","","","eat","missheistdockssetup1ig_13@kick_idle","guard_beatup_kickidle_guard2"
"","","/e kick3","Kick 3","ふつうの動作","","","","","","","","","melee","melee@unarmed@streamed_core","kick_close_a"
"","","/e kiss","Kiss","2人でやる","","","","","kiss2","","","","","hs3_ext-20","cs_lestercrest_3_dual-20"
"","","/e kiss2","Kiss 2","2人でやる","","","","","kiss","","","","","hs3_ext-20","csb_georginacheng_dual-20"
"","","/e kiss3","Kiss 3","2人でやる","","","","","kiss4","","","","","hs3_ext-19","cs_lestercrest_3_dual-19"
"","","/e kiss4","Kiss 4","2人でやる","","","","","kiss3","","","","","hs3_ext-19","csb_georginacheng_dual-19"
"","","/e kisscutecheek","Kiss Cute Cheek (Male)","2人でやる","","○","","","kisscutecheek2","","","","kiss","genesismods_kissme@kissmale9","kissmale9"
"","","/e kisscutecheek2","Kiss Cute Cheek (Female)","2人でやる","","○","","","kisscutecheek","","","","kiss","genesismods_kissme@kissfemale9","kissfemale9"
"","","/e kisscutefh","Kiss Forehead (Male)","2人でやる","","○","","","kisscutefh2","","","","kiss","genesismods_kissme@kissmale10","kissmale10"
"","","/e kisscutefh2","Kiss Forehead (Female)","2人でやる","","○","","","kisscutefh","","","","kiss","genesismods_kissme@kissfemale10","kissfemale10"
"","","/e kisscuteneck","Kiss Cute - Neck (Male)","2人でやる","","○","","","kisscuteneck2","","","","kiss","genesismods_kissme@kissmale8","kissmale8"
"","","/e kisscuteneck2","Kiss Cute - Neck (Female)","2人でやる","","○","","","kisscuteneck","","","","kiss","genesismods_kissme@kissfemale8","kissfemale8"
"","","/e kisslips","Kiss Cute Lips (Female)","2人でやる","","○","","","kisslips2","","","","","chocoholic@couple13","couple13_clip"
"","","/e kisslips2","Kiss Cute Lips (Male)","2人でやる","","○","","","kisslips","","","","","chocoholic@couple14","couple14_clip"
"","","/e kneel","Kneel","ふつうの動作","○","","","","","","","","","Scenario:SCENARIO","CODE_HUMAN_MEDIC_KNEEL"
"","","/e kneel2","Kneel 2","ふつうの動作","○","○","","","","","","","","rcmextreme3","idle"
"","","/e kneel3","Kneel 3","ふつうの動作","○","○","","","","","","","","amb@world_human_bum_wash@male@low@idle_a","idle_a"
"","","/e kneel4","Kneel 4","ふつうの動作","","○","","","","","","","","anim@scripted@cbr5@ig3_drill_box@pattern_03@lockbox_03@male@","rest"
"","","/e kneel5","Kneel 5","ふつうの動作","","○","","","","","","","","anim@scripted@cbr5@ig3_drill_box@pattern_01@lockbox_02@male@","rest"
"","","/e kneelbored","Kneel Bored Pose","ふつうの動作","","○","","","","","","","","chocoholic@duo17","duo17_clip"
"","","/e kneelcry","Kneel And Cry","ふつうの動作","","○","","","","","","","","random@robbery","f_cower_01"
"","","/e kneelhide","Kneel Hide","ふつうの動作","","○","","","","","","","","anim@scripted@bty2@ig1_hiding_target@male@","hiding_kneel"
"","","/e kneelpeace","Kneel Peace Sign Pose","ふつうの動作","","○","","","","","","","","chocoholic@duo18","duo18_clip"
"","","/e kneelthot","Kneel Thot Instagram","ふつうの動作","","○","","","","","","","","anim@model_kylie_insta","kylie_insta_clip"
"","","/e knock","Knock","ふつうの動作","○","","○","","","","","","","timetable@jimmy@doorknock@","knockdoor_idle"
"","","/e knock2","Knock 2","ふつうの動作","○","○","","","","","","","","missheistfbi3b_ig7","lift_fibagent_loop"
"","","/e knucklecrunch","Knuckle Crunch","ふつうの動作","○","","○","","","","","","","anim@mp_player_intcelebrationfemale@knuckle_crunch","knuckle_crunch"
"","","/walk Lamar","Lamar","歩き方","","","","","","","","","","move_characters@lamar",""
"","","/walk Lamar2","Lamar 2","歩き方","","","","","","","","","","anim_group_move_lemar_alley",""
"","","/e lapchair","Lap Chair","ダンス","","○","","","","","","","","mini@strip_club@lap_dance@ld_girl_a_song_a_p1","ld_girl_a_song_a_p1_f"
"","","/e lapchair2","Lap Chair2","ダンス","","○","","","","","","","","mini@strip_club@lap_dance@ld_girl_a_song_a_p2","ld_girl_a_song_a_p2_f"
"","","/e lapchair3","Lap Chair3","ダンス","","○","","","","","","","","mini@strip_club@lap_dance@ld_girl_a_song_a_p3","ld_girl_a_song_a_p3_f"
"","","/e lapdance","Lapdance","ダンス","○","","","","","","","","","mp_safehouse","lap_dance_girl"
"","","/e lapdance2","Lapdance 2","ダンス","○","○","","","","","","","","mini@strip_club@private_dance@idle","priv_dance_idle"
"","","/e lapdance3","Lapdance 3","ダンス","○","○","","","","","","","","mini@strip_club@private_dance@part1","priv_dance_p1"
"","","/e lapdance4","Lapdance 4","ダンス","","○","","","","","","","","mini@strip_club@private_dance@part2","priv_dance_p2"
"","","/e lapdance5","Lapdance 5","ダンス","","○","","","","","","","","mini@strip_club@private_dance@part3","priv_dance_p3"
"","","/e lapdance6","Lapdance 6","ダンス","","○","","","","","","","","oddjobs@assassinate@multi@yachttarget@lapdance","yacht_ld_f"
"","","/e lapdancewith","Lapdance With","ダンス","","○","","","","","","","","mini@strip_club@lap_dance_2g@ld_2g_p3","ld_2g_p3_s2"
"","","/e lapdancewith2","Lapdance With2","ダンス","","○","","","","","","","","mini@strip_club@lap_dance_2g@ld_2g_p2","ld_2g_p2_s2"
"","","/e lapdancewith3","Lapdance With3","ダンス","","○","","","","","","","","mini@strip_club@lap_dance_2g@ld_2g_p1","ld_2g_p1_s2"
"","","/e lawnchair","Lawnchair","物を持つ","","○","","prop_skid_chair_02","","","","","","timetable@ron@ig_5_p3","ig_5_p3_base"
"","","/e lawnchair2","Lawnchair 2","物を持つ","","○","","prop_skid_chair_02","","","","","","timetable@reunited@ig_10","base_amanda"
"","","/e lawnchair3","Lawnchair 3","物を持つ","","○","","prop_skid_chair_02","","","","","","timetable@ron@ig_3_couch","base"
"","","/e laydownsexy","Laying Down Sexy","ふつうの動作","","○","","","","","","","","anim@female_laying_sexy","laying_sexy_clip"
"","","/e layncry","Lay & Cry","ふつうの動作","","○","","","","","","","nightclub","anim@amb@nightclub@lazlow@lo_sofa@","lowsofa_dlg_fuckedup_laz"
"","","/e layncry2","Lay & Cry 2","ふつうの動作","","○","","","","","","","nightclub","anim@amb@nightclub@lazlow@lo_sofa@","lowsofa_base_laz"
"","","/e layncry3","Lay & Cry 3","ふつうの動作","","○","","","","","","","nightclub","anim@amb@nightclub@lazlow@lo_sofa@","lowsofa_dlg_notagain_laz"
"","","/e layncry4","Lay & Cry 4","ふつうの動作","","○","","","","","","","nightclub","anim@amb@nightclub@lazlow@lo_sofa@","lowsofa_dlg_notagain_laz"
"","","/e layncry5","Lay & Cry 5","ふつうの動作","","○","","","","","","","nightclub","anim@amb@nightclub@lazlow@lo_sofa@","lowsofa_dlg_shit2strong_laz"
"","","/e layncry6","Lay & Cry 6","ふつうの動作","","○","","","","","","","","misschinese2_crystalmaze","2int_loop_a_taocheng"
"","","/e layncry7","Lay & Cry 7","ふつうの動作","","○","","","","","","","gun","anim@scripted@data_leak@fixf_fin_ig2_johnnyguns_wounded@","base"
"","","/e layncry8","Lay & Cry 8","ふつうの動作","","○","","","","","","","golf","anim@scripted@data_leak@fix_golf_ig2_golfclub_intimidation@","stage_3_base_golfer"
"","","/e laysexy","Lay Sexy","ふつうの動作","","○","","","","","","","","amnilka@photopose@female@homepack001","amnilka_femalehome_photopose_004"
"","","/e leafblower","Leaf Blower","物を持つ","○","","○","prop_leaf_blower_01","","","","○","","amb@world_human_gardener_leaf_blower@base","base"
"","","/e lean","Lean","ふつうの動作","○","","","","","","","","lean","Scenario:SCENARIO","WORLD_HUMAN_LEANING"
"","","/e lean2","Lean 2","ふつうの動作","○","○","","","","","","","lean","amb@world_human_leaning@female@wall@back@hand_up@idle_a","idle_a"
"","","/e lean3","Lean 3","ふつうの動作","○","○","","","","","","","lean","amb@world_human_leaning@female@wall@back@holding_elbow@idle_a","idle_a"
"","","/e lean4","Lean 4","ふつうの動作","○","○","","","","","","","lean","amb@world_human_leaning@male@wall@back@foot_up@idle_a","idle_a"
"","","/e lean5","Lean 5","ふつうの動作","○","○","","","","","","","lean","amb@world_human_leaning@male@wall@back@hands_together@idle_b","idle_e"
"","","/e lean6","Lean 6","ふつうの動作","","○","","","","","","","lean","anim@scripted@freemode_npc@fix_agy_ig4_lamar@","lean_wall_idle_03_lamar"
"","","/e leanbar","Lean Bar","ふつうの動作","○","","","","","","","","","Scenario:SCENARIO","PROP_HUMAN_BUM_SHOPPING_CART"
"","","/e leanbar2","Lean Bar 2","ふつうの動作","○","○","","","","","","","","amb@prop_human_bum_shopping_cart@male@idle_a","idle_c"
"","","/e leanbar3","Lean Bar 3","ふつうの動作","○","○","","","","","","","nightclub","anim@amb@nightclub@lazlow@ig1_vip@","clubvip_base_laz"
"","","/e leanbar4","Lean Bar 4","ふつうの動作","○","○","","","","","","","","anim@heists@prison_heist","ped_b_loop_a"
"","","/e leanflirt","Lean Flirt","ふつうの動作","○","○","","","","","","","","random@street_race","_car_a_flirt_girl"
"","","/e leanhigh","Lean High","ふつうの動作","○","","○","","","","","","","anim@mp_ferris_wheel","idle_a_player_one"
"","","/e leanhigh2","Lean High 2","ふつうの動作","○","","○","","","","","","","anim@mp_ferris_wheel","idle_a_player_two"
"","","/e leanphone","Leaning With Phone","物を持つ","","○","","prop_phone_ing","","","","","lean","amb@world_human_leaning@male@wall@back@mobile@base","base"
"","","/e leanplan","Lean On Table","ふつうの動作","","○","","","","","","","","anim@amb@board_room@diagram_blueprints@","idle_01_amy_skater_01"
"","","/e leanside","Leanside","ふつうの動作","○","","○","","","","","","","timetable@mime@01_gc","idle_a"
"","","/e leanside2","Leanside 2","ふつうの動作","○","","○","","","","","","","misscarstealfinale","packer_idle_1_trevor"
"","","/e leanside3","Leanside 3","ふつうの動作","○","","○","","","","","","","misscarstealfinalecar_5_ig_1","waitloop_lamar"
"","","/e leanside4","Leanside 4","ふつうの動作","○","○","","","","","","","","misscarstealfinalecar_5_ig_1","waitloop_lamar"
"","","/e leanside5","Leanside 5","ふつうの動作","○","○","","","","","","","","rcmjosh2","josh_2_intp1_base"
"","","/e ledge","Ledge","ふつうの動作","○","○","","","","","","","","missfbi1","ledge_loop"
"","","/walk Lester","Lester","歩き方","○","","","","","","","","","move_heist_lester",""
"","","/walk Lester2","Lester 2","歩き方","○","","","","","","","","","move_lester_caneup",""
"","","/e lift","Lift","ふつうの動作","○","","○","","","","","","","random@hitch_lift","idle_f"
"","","/e liftme","Lift Me","2人でやる","","○","","","liftme2","","","","","couplepose1pack1anim2@animation","couplepose1pack1anim2_clip"
"","","/e liftme2","Lift Me 2","2人でやる","","○","","","liftme","","","","","couplepose1pack1anim1@animation","couplepose1pack1anim1_clip"
"","","/e liftme3","Lift Me 3","2人でやる","","○","","","liftme4","","","","","couplepose2pack1anim2@animation","couplepose2pack1anim2_clip"
"","","/e liftme4","Lift Me 4","2人でやる","","○","","","liftme3","","","","","couplepose2pack1anim1@animation","couplepose2pack1anim1_clip"
"","","/e liftme5","Lift Me 5","2人でやる","","○","","","liftme6","","","","","couplepose3pack1anim2@animation","couplepose3pack1anim2_clip"
"","","/e liftme6","Lift Me 6","2人でやる","","○","","","liftme5","","","","","couplepose3pack1anim1@animation","couplepose3pack1anim1_clip"
"","","/e lighter","Lighter - Cigar","物を持つ","","","○","lux_prop_lighter_luxe","","","","○","","ebrwny_pack000","ebrwny_spark"
"","","/e lighter2","Lighter - Cigar Sit","物を持つ","","○","","lux_prop_lighter_luxe","","","","○","","ebrwny_pack000","ebrwny_spark"
"","","/e lol","LOL","ふつうの動作","○","○","","","","","","","","anim@arena@celeb@flat@paired@no_props@","laugh_a_player_b"
"","","/e lol2","LOL 2","ふつうの動作","○","○","","","","","","","","anim@arena@celeb@flat@solo@no_props@","giggle_a_player_b"
"","","/e lollipop1","Lollipop Spiral Red","物を持つ","","","○","natty_lollipop_spiral01","","","","","eat","mp_player_inteat@burger","mp_player_int_eat_burger"
"","","/e lollipop1b","Lollipop Spiral Pink","物を持つ","","","○","natty_lollipop_spiral02","","","","","eat","mp_player_inteat@burger","mp_player_int_eat_burger"
"","","/e lollipop1c","Lollipop Spiral Green","物を持つ","","","○","natty_lollipop_spiral03","","","","","eat","mp_player_inteat@burger","mp_player_int_eat_burger"
"","","/e lollipop1d","Lollipop Spiral Blue","物を持つ","","","○","natty_lollipop_spiral04","","","","","eat","mp_player_inteat@burger","mp_player_int_eat_burger"
"","","/e lollipop1e","Lollipop Spiral Yellow","物を持つ","","","○","natty_lollipop_spiral05","","","","","eat","mp_player_inteat@burger","mp_player_int_eat_burger"
"","","/e lollipop1f","Lollipop Spiral Purple","物を持つ","","","○","natty_lollipop_spiral06","","","","","eat","mp_player_inteat@burger","mp_player_int_eat_burger"
"","","/e lollipop2a","Lollipop Spin Red","物を持つ","","","○","natty_lollipop_spin01","","","","","","anim@heists@humane_labs@finale@keycards","ped_a_enter_loop"
"","","/e lollipop2b","Lollipop Spin Yellow And Pink","物を持つ","","","○","natty_lollipop_spin02","","","","","","anim@heists@humane_labs@finale@keycards","ped_a_enter_loop"
"","","/e lollipop2c","Lollipop Spin Yellow And Green","物を持つ","","","○","natty_lollipop_spin03","","","","","","anim@heists@humane_labs@finale@keycards","ped_a_enter_loop"
"","","/e lollipop2d","Lollipop Spin Yellow And White","物を持つ","","","○","natty_lollipop_spin04","","","","","","anim@heists@humane_labs@finale@keycards","ped_a_enter_loop"
"","","/e lollipop2e","Lollipop Spin Pink And White","物を持つ","","","○","natty_lollipop_spin05","","","","","","anim@heists@humane_labs@finale@keycards","ped_a_enter_loop"
"","","/e lollipop3a","Lollipop Suck","物を持つ","","","○","natty_lollipop01","","","","","smoking","amb@world_human_smoking@male@male_a@enter","enter"
"","","/e lookout","Lookout","ふつうの動作","○","","","","","","","","","Scenario:SCENARIO","CODE_HUMAN_CROSS_ROAD_WAIT"
"","","/e lostconfused","Lost & Confused","ふつうの動作","","","","","","","","","","anim@scripted@island@special_peds@dave@hs4_dave_stage2_ig6","i_lost_it"
"","","/e macaroon","Macaroon","物を持つ","","","○","bzzz_food_xmas_macaroon_a","","","","","eat","mp_player_inteat@burger","mp_player_int_eat_burger"
"","","/e mafia","Mafia Boss - Gun Point","物を持つ","","","○","w_pi_revolver_b","","","","○","","chocoholic@single12","single12_clip"
"","","/e maid","Maid","ふつうの動作","○","","","","","","","","lean","Scenario:SCENARIO","WORLD_HUMAN_MAID_CLEAN"
"","","/e makeitrain","Make It Rain","物を持つ","○","","○","prop_anim_cash_pile_01","","","","○","","anim@mp_player_intupperraining_cash","idle_a"
"","","/e malecrossarms","Male Cross Arms","ふつうの動作","","○","","","","","","","","cross_arms@dark","cross_arms_clip"
"","","/e malefistface","Male Fist Face","ふつうの動作","","○","","","","","","","","fist_face@darksj","fist_face_clip"
"","","/e malegangpose","Male Gang Pose","ふつうの動作","","○","","","","","","","","westside_cap@darksj","westside_cap_clip"
"","","/e malegunpose1","Male Gun Pose 1","ふつうの動作","","○","","","","","","","gun","gun_ink@darksj","gun_ink_clip"
"","","/e malemiddlefinger","Male Middle Finger","ふつうの動作","","○","","","","","","","","stand_middlefinger@dark","stand_middlefinger_clip"
"","","/e malemirrorselfie","Male Mirror Selfie","物を持つ","","○","","prop_phone_ing","","","","○","","anim@male_model_08","m_model_08_clip"
"","","/e malemirrorselfie1","Male Mirror Selfie 1","物を持つ","","○","","prop_phone_ing","","","","○","","anim@male_selfie_08","m_selfie_08_clip"
"","","/e malemirrorselfie2","Male Mirror Selfie 2","物を持つ","","○","","prop_phone_ing","","","","○","","anim@male_selfie_06","m_selfie_06_clip"
"","","/e malemirrorselfie3","Male Mirror Selfie 3","物を持つ","","○","","prop_phone_ing","","","","○","","anim@male_selfie_09","m_selfie_09_clip"
"","","/e malemirrorselfie4","Male Mirror Selfie 4","物を持つ","","○","","prop_phone_ing","","","","○","","anim@male_model_03","m_model_03_clip"
"","","/e malepose1","Male Pose 1","ふつうの動作","","○","","","","","","","","male_solo_4@darksj","male_solo_4_clip"
"","","/e malepose2","Male Pose 2","ふつうの動作","","○","","","","","","","","male_solo_3@darksj","male_solo_3_clip"
"","","/e malepose3","Male Pose 3","ふつうの動作","","○","","","","","","","","male_solo_1@darksj","male_solo_1_clip"
"","","/e malepose4","Male Pose 4","ふつうの動作","","○","","","","","","","","fuckm@nxsty","fuckm_clip"
"","","/e malepose5","Male Pose 5","ふつうの動作","","○","","","","","","","","koko_male@darksj","koko_male_clip"
"","","/e maleposea","Male Pose A","ふつうの動作","","○","","","","","","","","drx@singlemale1","drx"
"","","/e maleposeb","Male Pose B","ふつうの動作","","○","","","","","","","","drx@singlemale2","drx"
"","","/e maleposec","Male Pose C","ふつうの動作","","○","","","","","","","","drx@singlemalestand1","drx"
"","","/e maleposed","Male Pose D","ふつうの動作","","○","","","","","","","","drx@singlemalestand2","drx"
"","","/e maleposee","Male Pose E","ふつうの動作","","○","","","","","","","","drx@m_doublehands","drx"
"","","/e maleposee1","Male Pose E1","ふつうの動作","","○","","","","","","","","drx@malestand2","xrd"
"","","/e maleposef","Male Pose F","ふつうの動作","","○","","","","","","","","drx@m_standhide","drx"
"","","/e maleposef1","Male Pose F1","ふつうの動作","","○","","","","","","","","drx@malestand3c","xrd"
"","","/e maleposeg","Male Pose G","ふつうの動作","","○","","","","","","","","drx@pose_male","pose_male"
"","","/e maleposeh","Male Pose H","ふつうの動作","","○","","","","","","","","mrwitt@gentleman_style_male","mrwitt"
"","","/e maleposei","Male Pose I","ふつうの動作","","○","","","","","","","","mrwitt@thoughtful_man_m","mrwitt"
"","","/e maleposetie","Male Pose Tie","ふつうの動作","","○","","","","","","","","mrwitt@tie_perfection_in_suit_male","mrwitt"
"","","/e maleshoecheck","Male Shoe Check Pose","ふつうの動作","","○","","","","","","","","side_shoe_check@darksj","side_shoe_check_clip"
"","","/e malestandpose","Male Stand Pose","ふつうの動作","","○","","","","","","","","anim@male_model_11","m_model_11_clip"
"","","/e mallet","Mallet","物を持つ","","","○","prop_tool_mallet","","","","","","amb@world_human_hammering@male@base","base"
"","","/e mallow","Marshmallow Stick - White","物を持つ","","","○","bzzz_camp_stick_marshmallow","","","","","","move_crouch_proto","idle"
"","","/e mallow2","Marshmallow Stick - Pink","物を持つ","","","○","bzzz_camp_stick_mellopink","","","","","","move_crouch_proto","idle"
"","","/e mallow3","Marshmallow Stick - Burnt","物を持つ","","","○","bzzz_camp_stick_melloburnt","","","","","","move_crouch_proto","idle"
"","","/e mallow4","Marshmallow On A Fork - White","物を持つ","","","○","bzzz_camp_food_marshmallow","","","","","eat","mp_player_inteat@burger","mp_player_int_eat_burger"
"","","/e mallow5","Marshmallow On A Fork - Pink","物を持つ","","","○","bzzz_camp_food_mellopink","","","","","eat","mp_player_inteat@burger","mp_player_int_eat_burger"
"","","/e mallow6","Marshmallow On A Fork - Burnt","物を持つ","","","○","bzzz_camp_food_melloburnt","","","","","eat","mp_player_inteat@burger","mp_player_int_eat_burger"
"","","/walk Maneater","Maneater","歩き方","○","","","","","","","","eat","move_f@maneater",""
"","","/e map","Map","物を持つ","○","","○","prop_tourist_map_01","","","","","","amb@world_human_tourist_map@male@base","base"
"","","/e map2","Map 2","物を持つ","","","○","prop_tourist_map_01","","","","","","amb@code_human_in_bus_passenger_idles@female@tablet@idle_a","idle_a"
"","","/e maskdown","Firefighter Mask","物を持つ","","","○","","","","","","","anim@mp_helmets@on_foot","visor_down"
"","","/e masktakeoff","Take Off Mask","物を持つ","","","○","","","","","","","anim@scripted@bty5@ig1_intimidate_actor@female_heeled@","mask_action_b"
"","","/e maskup","Firefighter Unmask","物を持つ","","","○","","","","","","","anim@mp_helmets@on_foot","visor_up"
"","","/e me","Me","ふつうの動作","○","","○","","","","","","","gestures@f@standing@casual","gesture_me_hard"
"","","/e meat","Meat On A Stick","物を持つ","","","○","bzzz_camp_stick_kebab","","","","","","move_crouch_proto","idle"
"","","/e meat2","Meat On A Fork","物を持つ","","","○","bzzz_camp_food_kebab","","","","","eat","mp_player_inteat@burger","mp_player_int_eat_burger"
"","","/e mechanic","Mechanic","ふつうの動作","○","○","","","","","","","","mini@repair","fixing_a_ped"
"","","/e mechanic2","Mechanic 2","ふつうの動作","○","○","","","","","","","","mini@repair","fixing_a_player"
"","","/e mechanic3","Mechanic 3","ふつうの動作","○","○","","","","","","","","amb@world_human_vehicle_mechanic@male@base","base"
"","","/e mechanic4","Mechanic 4","ふつうの動作","○","○","","","","","","","","anim@amb@clubhouse@tutorial@bkr_tut_ig3@","machinic_loop_mechandplayer"
"","","/e mechanic5","Mechanic 5","ふつうの動作","","○","","","","","","","","amb@prop_human_movie_bulb@idle_a","idle_b"
"","","/e medbag","Medic Bag","物を持つ","","","○","xm_prop_x17_bag_med_01a","","","","","","move_weapon@jerrycan@generic","idle"
"","","/e medbag2","Medic Bag 2","物を持つ","","","○","v_ret_ta_firstaid","","","","","","move_weapon@jerrycan@generic","idle"
"","","/e medbox","Medic Box","物を持つ","","","○","xm_prop_smug_crate_s_medical","","","","","","move_weapon@jerrycan@generic","idle"
"","","/e medic","Medic","ふつうの動作","○","","","","","","","","","Scenario:SCENARIO","CODE_HUMAN_MEDIC_TEND_TO_DEAD"
"","","/e medic2","Medic 2","ふつうの動作","○","○","","","","","","","","amb@medic@standing@tendtodead@base","base"
"","","/e meditate","Meditate","ふつうの動作","○","○","","","","","","","","rcmcollect_paperleadinout@","meditiate_idle"
"","","/e meditate2","Meditate 2","ふつうの動作","○","○","","","","","","","","rcmepsilonism3","ep_3_rcm_marnie_meditating"
"","","/e meditate3","Meditate 3","ふつうの動作","○","○","","","","","","","","rcmepsilonism3","base_loop"
"","","/e megaphone","Megaphone","物を持つ","","","○","prop_megaphone_01","","","","","phone","molly@megaphone","megaphone_clip"
"","","/e megaphone2","Megaphone 2","物を持つ","","","○","prop_megaphone_01","","","","","phone","molly@megaphone2","megaphone_clip"
"","","/e megaphone3","Megaphone 3","物を持つ","","","○","prop_megaphone_01","","","","","phone","anim@rifle_megaphone","rifle_holding_megaphone"
"","","/e metal","Metal","ふつうの動作","○","","○","","","","","","","anim@mp_player_intincarrockstd@ps@","idle_a"
"","","/walk Michael","Michael","歩き方","○","","","","","","","","","move_ped_bucket",""
"","","/e microck","Microphone Rock","物を持つ","","","○","sf_prop_sf_mic_01a","","","","","","lunyx@mic@p1","mic@p1"
"","","/e microckb","Microphone Rock 2","物を持つ","","","○","sf_prop_sf_mic_01a","","","","","","lunyx@mic@p2","mic@p2"
"","","/e microckc","Microphone Rock 3","物を持つ","","","○","sf_prop_sf_mic_01a","","","","","","lunyx@mic@p3","mic@p3"
"","","/e microckd","Microphone Rock 4","物を持つ","","","○","sf_prop_sf_mic_01a","","","","","","lunyx@mic@p4","mic@p4"
"","","/e microcke","Microphone Rock 5","物を持つ","","","○","sf_prop_sf_mic_01a","","","","","","lunyx@mic@p5","mic@p5"
"","","/e microckf","Microphone Rock 6","物を持つ","","","○","v_ilev_fos_mic","","","","","","lunyx@mic@p6","mic@p6"
"","","/e microckg","Microphone Rock 7","物を持つ","","","○","v_ilev_fos_mic","","","","","","lunyx@mic@p7","mic@p7"
"","","/e microckh","Microphone Rock 8","物を持つ","","","○","sf_prop_sf_mic_01a","","","","","","lunyx@mic@p8","mic@p8"
"","","/e microcki","Microphone Rock 9","物を持つ","","","○","sf_prop_sf_mic_01a","","","","","","lunyx@mic@p9","mic@p9"
"","","/e microckj","Microphone Rock 10","物を持つ","","","○","sf_prop_sf_mic_01a","","","","","","lunyx@mic@p10","mic@p10"
"","","/e mindblown","Mind Blown","ふつうの動作","○","","○","","","","","","","anim@mp_player_intcelebrationmale@mind_blown","mind_blown"
"","","/e mindblown2","Mind Blown 2","ふつうの動作","○","","○","","","","","","","anim@mp_player_intcelebrationfemale@mind_blown","mind_blown"
"","","/e mindcontrol","Mind Control","ふつうの動作","○","○","","","","","","","","rcmbarry","mind_control_b_loop"
"","","/e mindcontrol2","Mind Control 2","ふつうの動作","○","○","","","","","","","","rcmbarry","bar_1_attack_idle_aln"
"","","/e mnc","Milk & Cookies","物を持つ","","","○","m23_2_prop_m32_milkncookies_01a","","","","","","anim@heists@box_carry@","idle"
"","","/e model","Model Pose Sexy","ふつうの動作","","○","","","","","","","","anim@female_model_showoff","model_showoff_clip"
"","","/e model2","Model Pose 2","ふつうの動作","","○","","","","","","","","sitdownonknees@queensisters","sitdown_clip"
"","","/e model3","Model Pose 3","ふつうの動作","","○","","","","","","","","anim@female_model_photo_cute","photo_cute_clip"
"","","/e mojito","Mojito","物を持つ","","","○","prop_mojito","","","","","drinking drink","amb@code_human_wander_drinking@female@base","static"
"","","/walk Money","Money","歩き方","○","","","","","","","","","move_m@money",""
"","","/e mop","Mop","物を持つ","","","○","prop_cs_mop_s","","","","","","missfbi4prepp1","idle"
"","","/e mop2","Mop 2","物を持つ","","","○","prop_cs_mop_s","","","","","","move_mop","idle_scrub_small_player"
"","","/mood Mouthbreather","Mouthbreather","表情","","","","","","","","","smoking","smoking_hold_1",""
"","","/mood Mouthbreather2","Mouthbreather 2","表情","","","","","","","","","smoking","smoking_inhale_1",""
"","","/e mshake","Milkshake - Bubblegum","物を持つ","","","○","brum_cherryshake_bubblegum","","","","","drinking drink","amb@code_human_wander_drinking@female@base","static"
"","","/e mshakeb","Milkshake - Cherry","物を持つ","","","○","brum_cherryshake_cherry","","","","","drinking drink","amb@code_human_wander_drinking@female@base","static"
"","","/e mshakec","Milkshake - Chocolate","物を持つ","","","○","brum_cherryshake_chocolate","","","","","drinking drink","amb@code_human_wander_drinking@female@base","static"
"","","/e mshaked","Milkshake - Coffee","物を持つ","","","○","brum_cherryshake_coffee","","","","","drinking drink","amb@code_human_wander_drinking@female@base","static"
"","","/e mshakee","Milkshake - Double Chocolate","物を持つ","","","○","brum_cherryshake_doublechocolate","","","","","drinking drink","amb@code_human_wander_drinking@female@base","static"
"","","/e mshakef","Milkshake - Frappe","物を持つ","","","○","brum_cherryshake_frappe","","","","","drinking drink","amb@code_human_wander_drinking@female@base","static"
"","","/e mshakeg","Milkshake - Lemon","物を持つ","","","○","brum_cherryshake_lemon","","","","","drinking drink","amb@code_human_wander_drinking@female@base","static"
"","","/e mshakeh","Milkshake - Mint","物を持つ","","","○","brum_cherryshake_mint","","","","","drinking drink","amb@code_human_wander_drinking@female@base","static"
"","","/e mshakei","Milkshake - Strawberry","物を持つ","","","○","brum_cherryshake_strawberry","","","","","drinking drink","amb@code_human_wander_drinking@female@base","static"
"","","/e mshakej","Milkshake - Raspberry","物を持つ","","","○","brum_cherryshake_raspberry","","","","","drinking drink","amb@code_human_wander_drinking@female@base","static"
"","","/e mshakek","Milkshake - Salted","物を持つ","","","○","brum_cherryshake_salted","","","","","drinking drink","amb@code_human_wander_drinking@female@base","static"
"","","/e mshakel","Milkshake - Vanilla","物を持つ","","","○","brum_cherryshake_vanilla","","","","","drinking drink","amb@code_human_wander_drinking@female@base","static"
"","","/e mugshot","Mugshot","物を持つ","○","","○","prop_police_id_board","","","","","eat","mp_character_creation@customise@male_a","loop"
"","","/e murder1","Murder Axe","物を持つ","","○","","bzzz_murder_axe001","","","","","","dead","dead_e"
"","","/e murder2","Murder Pistol","物を持つ","","○","","w_pi_heavypistol","","","","","","dead","dead_a"
"","","/e murder3","Murder Machete","物を持つ","","○","","bzzz_murder_machete001","","","","","","dead","dead_b"
"","","/walk Muscle","Muscle","歩き方","○","","","","","","","","","move_m@muscle@a",""
"","","/e musician","Musician","ふつうの動作","○","","","","","","","","","Scenario:MALE","WORLD_HUMAN_MUSICIAN"
"","","/e nailgun","Nail Gun","物を持つ","","","○","prop_tool_nailgun","","","","","","anim@heists@fleeca_bank@drilling","drill_straight_end"
"","","/e namaste","Namaste","ふつうの動作","○","","○","","","","","","","timetable@amanda@ig_4","ig_4_base"
"","","/e nervous","Nervous","ふつうの動作","○","","○","","","","","","","amb@world_human_bum_standing@twitchy@idle_a","idle_c"
"","","/e nervous2","Nervous 2","ふつうの動作","○","","○","","","","","","","mp_missheist_countrybank@nervous","nervous_idle"
"","","/e nervous3","Nervous 3","ふつうの動作","○","","○","","","","","","","rcmme_tracey1","nervous_loop"
"","","/e nervous4","Nervous 4","ふつうの動作","","","","","","","","","","fix_trip3_mcs1-9","cs_marnie_dual-9"
"","","/walk Nervous","Nervous","歩き方","","","","","","","","","","move_characters@jimmy@nervous@",""
"","","/mood Neverblink","Never Blink","表情","","","","","","","","","","pose_normal_1",""
"","","/e newsbmic","News Boom Microphone","物を持つ","","","○","prop_v_bmike_01","","","","","","missfra1","mcs2_crew_idle_m_boom"
"","","/e newscam","News Camera","物を持つ","","","○","prop_v_cam_01","","","","","","missfinale_c2mcs_1","fin_c2_mcs_1_camman"
"","","/e newsmic","News Microphone","物を持つ","","","○","p_ing_microphonel_01","","","","","","anim@heists@humane_labs@finale@keycards","ped_a_enter_loop"
"","","/e newspaper","Newspaper","物を持つ","","","○","prop_cliff_paper","","","","","clipboard","amb@world_human_clipboard@male@idle_a","idle_a"
"","","/e newspaper2","Newspaper 2","物を持つ","","","○","ng_proc_paper_news_quik","","","","","clipboard","amb@world_human_clipboard@male@idle_a","idle_a"
"","","/e newspaper3","Newspaper 3","物を持つ","","","○","ng_proc_paper_news_rag","","","","","clipboard","amb@world_human_clipboard@male@idle_a","idle_a"
"","","/e no","No","ふつうの動作","○","","○","","","","","","","anim@heists@ornate_bank@chat_manager","fail"
"","","/e no2","No 2","ふつうの動作","○","","○","","","","","","","mp_player_int_upper_nod","mp_player_int_nod_no"
"","","/e nosepick","Nose Pick","ふつうの動作","○","","○","","","","","","","anim@mp_player_intcelebrationfemale@nose_pick","nose_pick"
"","","/e notepad","Notepad","物を持つ","○","","○","prop_notepad_01","","","","","clipboard","missheistdockssetup1clipboard@base","base"
"","","/e notepad2","Notepad 2","ふつうの動作","○","","","","","","","","eat","Scenario:SCENARIO","CODE_HUMAN_MEDIC_TIME_OF_DEATH"
"","","/e noway","No Way","ふつうの動作","○","","○","","","","","","","gestures@m@standing@casual","gesture_no_way"
"","","/e ok","OK","ふつうの動作","○","","○","","","","","","","anim@mp_player_intselfiedock","idle_a"
"","","/e old","Old Man Walking Stick","物を持つ","","","○","prop_cs_walking_stick","","","","○","","missbigscore2aleadinout@bs_2a_2b_int","lester_base_idle"
"","","/e old2","Old Man Zimmerframe","物を持つ","","","○","v_res_d_zimmerframe","","","","","","zimmerframe_walk@dark","zimmerframe_walk_clip"
"","","/mood Oneeye","One Eye","表情","","","","","","","","","aiming","pose_aiming_1",""
"","","/e outofbreath","Out of Breath","ふつうの動作","○","","","","","","","","eat","re@construction","out_of_breath"
"","","/e papers","Papers","物を持つ","","","○","xm3_prop_xm3_papers_01a","","","","","phone","missheistdocksprep1hold_cellphone","static"
"","","/walk Paramedic","Paramedic","歩き方","","","","","","","","","","move_paramedic",""
"","","/e parkingmeter","Parking Meter","ふつうの動作","○","","","","","","","","","Scenario:SCENARIO","PROP_HUMAN_PARKING_METER"
"","","/e party","Party","ふつうの動作","○","","","","","","","","","Scenario:SCENARIO","WORLD_HUMAN_PARTYING"
"","","/e party_lighter","Party lighter","物を持つ","","","○","samnick_prop_lighter01","","","","","wave","samnick@lighter@wave","waving_lighter"
"","","/e passout","Passout","ふつうの動作","○","○","","","","車の外だけ","","","","missarmenian2","drunk_loop"
"","","/e passout2","Passout 2","ふつうの動作","○","○","","","","車の外だけ","","","","missarmenian2","corpse_search_exit_ped"
"","","/e passout3","Passout 3","ふつうの動作","○","○","","","","車の外だけ","","","","anim@gangops@morgue@table@","body_search"
"","","/e passout4","Passout 4","ふつうの動作","○","○","","","","車の外だけ","","","","mini@cpr@char_b@cpr_def","cpr_pumpchest_idle"
"","","/e passout5","Passout 5","ふつうの動作","○","○","","","","車の外だけ","","","","random@mugging4","flee_backward_loop_shopkeeper"
"","","/e passout6","Passout 6","ふつうの動作","","○","","","","車の外だけ","","","","anim@scripted@data_leak@fix_bil_ig2_chopper_crawl@","fix_bil_ig2_chopper_crawl_loop_ped"
"","","/e passout7","Passout 7","ふつうの動作","","○","","","","車の外だけ","","","","anim@scripted@data_leak@fix_bil_ig2_chopper_crawl@","fix_bil_ig2_chopper_crawl_dead_loop_ped"
"","","/e passout8","Passout 8","ふつうの動作","","○","","","","車の外だけ","","","","anim@scripted@data_leak@fix_bil_ig2_chopper_crawl@","fix_bil_ig2_chopper_crawl_dead_loop_ped"
"","","/walk Patricia","Patricia","歩き方","","","","","","","","","","move_characters@patricia",""
"","","/e patrolcar","Patrol Car - Front","物を持つ","","○","","prop_cs_police_torch_02","","","","","","amb@incar@male@patrol@torch@base","base"
"","","/e patrolcarl","Patrol Car - Left","物を持つ","","○","","prop_cs_police_torch_02","","","","","","amb@incar@male@patrol@torch@idle_b","idle_d"
"","","/e patrolcarr","Patrol Car - Right","物を持つ","","○","","prop_cs_police_torch_02","","","","","","amb@incar@male@patrol@torch@idle_a","idle_a"
"","","/e patrolf1","Patrol - On Foot","物を持つ","","","○","prop_cs_police_torch_02","","","","","","amb@world_human_security_shine_torch@male@base","base"
"","","/e patrolf2","Patrol - On Foot 2","物を持つ","","","○","prop_cs_police_torch_02","","","","","","amb@world_human_security_shine_torch@male@idle_b","idle_e"
"","","/e patrolf3","Patrol - On Foot 3","物を持つ","","","○","prop_cs_police_torch_02","","","","","","amb@world_human_security_shine_torch@male@idle_a","idle_a"
"","","/e patrolf4","Patrol - On Foot 4 Over The Shoulder","物を持つ","","","○","prop_cs_police_torch_02","","","","","","amb@incar@male@patrol@torch@base","base"
"","","/e pback","Offer Piggy Back","2人でやる","","","○","","pback2","","","","","mx@piggypack_a","mxclip_a"
"","","/e pback2","Be Piggy Backed","2人でやる","","○","","","pback","","","","","mx@piggypack_b","mxanim_b"
"","","/e peace","Peace","ふつうの動作","○","","○","","","","","","","mp_player_int_upperpeace_sign","mp_player_int_peace_sign"
"","","/e peace2","Peace 2","ふつうの動作","○","","○","","","","","","","anim@mp_player_intupperpeace","idle_a"
"","","/e peace3","Peace 3","ふつうの動作","","","○","","","","","","","anim@mp_player_intupperpeace","idle_a_fp"
"","","/e peace4","Peace 4","ふつうの動作","","","○","","","","","","","anim@mp_player_intincarpeacestd@ds@","idle_a"
"","","/e peace5","Peace 5","ふつうの動作","","","○","","","","","","","anim@mp_player_intincarpeacestd@ds@","idle_a_fp"
"","","/e peace6","Peace 6","ふつうの動作","","","○","","","","","","","anim@mp_player_intincarpeacebodhi@ds@","idle_a"
"","","/e peace7","Peace 7","ふつうの動作","","","○","","","","","","","anim@mp_player_intincarpeacebodhi@ds@","idle_a_fp"
"","","/e peacef","Peace Female","ふつうの動作","","","○","","","","","","","anim@mp_player_intcelebrationfemale@peace","peace"
"","","/e pee","Pee (Male)","ふつうの動作","○","","","","","","○","○","","misscarsteal2peeing","peeing_loop"
"","","/e pee2","Pee 2 (Male)","ふつうの動作","","","○","","","","○","○","","missbigscore1switch_trevor_piss","piss_loop"
"","","/e pee3","Pee 3 Static (Male)","ふつうの動作","","○","","","","","○","○","","missbigscore1switch_trevor_piss","piss_loop"
"","","/e peek","Peek","ふつうの動作","○","○","","","","","","","","random@paparazzi@peek","left_peek_a"
"","","/e petting","Petting","ふつうの動作","○","○","","","","","","","eat","creatures@rottweiler@tricks@","petting_franklin"
"","","/e pflag","Pride Flag - Rainbow","物を持つ","","","○","prideflag1","","","","","","rcmnigel1d","base_club_shoulder"
"","","/e pflag2","Pride Flag 2 - LGBTQ","物を持つ","","","○","prideflag2","","","","","","rcmnigel1d","base_club_shoulder"
"","","/e pflag3","Pride Flag 3 - Bisexual ","物を持つ","","","○","prideflag3","","","","","","rcmnigel1d","base_club_shoulder"
"","","/e pflag4","Pride Flag 4 - Lesbian ","物を持つ","","","○","prideflag4","","","","","","rcmnigel1d","base_club_shoulder"
"","","/e pflag5","Pride Flag 5 - Pansexual ","物を持つ","","","○","prideflag5","","","","","","rcmnigel1d","base_club_shoulder"
"","","/e pflag6","Pride Flag 6 - Transgender  ","物を持つ","","","○","prideflag6","","","","","","rcmnigel1d","base_club_shoulder"
"","","/e pflag7","Pride Flag 7 - Non Binary ","物を持つ","","","○","prideflag7","","","","","","rcmnigel1d","base_club_shoulder"
"","","/e pflag8","Pride Flag 8 - Asexual ","物を持つ","","","○","prideflag8","","","","","","rcmnigel1d","base_club_shoulder"
"","","/e pflag9","Pride Flag 9 - Straight Ally ","物を持つ","","","○","prideflag9","","","","","","rcmnigel1d","base_club_shoulder"
"","","/e pfootball1","Football Back Middle","ふつうの動作","","○","","","","","","","","pazeee@football1@animations","pazeee@football1@clip"
"","","/e pfootball2","Football Back Right","ふつうの動作","","○","","","","","","","","pazeee@football2@animations","pazeee@football2@clip"
"","","/e pfootball3","Football Front Right","ふつうの動作","","○","","","","","","","","pazeee@football3@animations","pazeee@football3@clip"
"","","/e pfootball4","Football Front Middle","ふつうの動作","","○","","","","","","","","pazeee@football4@animations","pazeee@football4@clip"
"","","/e pfootball5","Football Front Left","ふつうの動作","","○","","","","","","","","pazeee@football5@animations","pazeee@football5@clip"
"","","/e pfootball6","Football Back Left","ふつうの動作","","○","","","","","","","","pazeee@football6@animations","pazeee@football6@clip"
"","","/e pho","Pho","物を持つ","","","○","scully_pho","","","","","","anim@scripted@island@special_peds@pavel@hs4_pavel_ig5_caviar_p1","base_idle"
"","","/e phone","Phone","物を持つ","○","","○","prop_phone_ing","","","","","phone","cellphone@","cellphone_text_read_base"
"","","/e phonecall","Phone Call","物を持つ","○","","○","prop_phone_ing","","","","","phone","cellphone@","cellphone_call_listen_base"
"","","/e phonecall2","Phone Call 2","物を持つ","","","○","prop_phone_ing","","","","","phone","random@kidnap_girl","ig_1_girl_on_phone_loop"
"","","/e picklock","Picklock","ふつうの動作","","","○","","","","","","","missheistfbisetup1","hassle_intro_loop_f"
"","","/e pickup","Pickup","ふつうの動作","○","","","","","","","","","random@domestic","pickup_low"
"","","/e pineapple","Pineapple","物を持つ","","","○","xm3_prop_xm3_pineapple_01a","","","","","","anim@heists@humane_labs@finale@keycards","ped_a_enter_loop"
"","","/e pizzas","Pizza Slice - Jalapeño And Peperoni","物を持つ","","","○","knjgh_pizzaslice1","","","","","eat","mp_player_inteat@burger","mp_player_int_eat_burger"
"","","/e pizzas2","Pizza Slice - Tomato And Pesto","物を持つ","","","○","knjgh_pizzaslice2","","","","","eat","mp_player_inteat@burger","mp_player_int_eat_burger"
"","","/e pizzas3","Pizza Slice - Mushroom","物を持つ","","","○","knjgh_pizzaslice3","","","","","eat","mp_player_inteat@burger","mp_player_int_eat_burger"
"","","/e pizzas4","Pizza Slice - Margherita","物を持つ","","","○","knjgh_pizzaslice4","","","","","eat","mp_player_inteat@burger","mp_player_int_eat_burger"
"","","/e pizzas5","Pizza Slice - Double Peperoni","物を持つ","","","○","knjgh_pizzaslice5","","","","","eat","mp_player_inteat@burger","mp_player_int_eat_burger"
"","","/e pizzaslice","Pizza Slice - Jalapeño And Peperoni","物を持つ","","","○","knjgh_pizzaslice1","","","","","eat","mp_player_inteat@burger","mp_player_int_eat_burger"
"","","/e pockets","Hands in pockets (Hoodie)","ふつうの動作","","","○","","","","","","","hoodie_hands@dad","hoodie_hands_clip"
"","","/e point","Point","ふつうの動作","○","","○","","","","","","","gestures@f@standing@casual","gesture_point"
"","","/e pointdown","Point Down","ふつうの動作","○","","○","","","","","","","gestures@f@standing@casual","gesture_hand_down"
"","","/e pointpose","Point Down","ふつうの動作","","○","","","","","","","","tun_meet_int-47","a_m_y_carclub_01^3_dual-47"
"","","/e pointright","Point Right","ふつうの動作","○","","○","","","","","","gun","mp_gun_shop_tut","indicate_right"
"","","/e policecrowd","Police Crowd","ふつうの動作","","○","","","","","","","","amb@code_human_police_crowd_control@idle_a","idle_a"
"","","/e policecrowd2","Police Crowd 2","ふつうの動作","","○","","","","","","","","amb@code_human_police_crowd_control@idle_b","idle_d"
"","","/e poolcue","Play Pool","物を持つ","","","○","prop_pool_cue","","","","","","pool_pack_1@dark","pool_pack_1_clip"
"","","/e poolcue2","Play Pool 2 (Pose)","物を持つ","","○","","prop_pool_cue","","","","","","pool_pack_2@dark","pool_pack_2_clip"
"","","/e poolcue3","Play Pool 3 (Pose)","物を持つ","","○","","prop_pool_cue","","","","","","pool_pack_3@dark","pool_pack_3_clip"
"","","/e poolcue4","Play Pool 4 (Pose)","物を持つ","","○","","prop_pool_cue","","","","","","pool_pack_4@dark","pool_pack_4_clip"
"","","/e poolcue5","Play Pool 5","物を持つ","","","○","prop_pool_cue","","","","","","pool_pack_5@dark","pool_pack_5_clip"
"","","/e popcorn","Popcorn","物を持つ","","","○","xs_prop_trinket_cup_01a","","","","","drinking drink","amb@code_human_wander_drinking@female@base","static"
"","","/e pornmag","Porn Magazine","物を持つ","","","○","prop_porn_mag_02","","","○","","clipboard","amb@world_human_clipboard@male@base","base"
"","","/e pornmag2","Porn Magazine 2","物を持つ","","","○","prop_cs_magazine","","","○","","clipboard","amb@world_human_clipboard@male@base","base"
"","","/e pornmag3","Porn Magazine 3","物を持つ","","","○","prop_porn_mag_03","","","○","","clipboard","amb@world_human_clipboard@male@base","base"
"","","/e pornmag4","Porn Magazine 4","物を持つ","","","○","v_res_tt_pornmag01","","","○","","clipboard","amb@world_human_clipboard@male@base","base"
"","","/e pornmag5","Porn Magazine 5","物を持つ","","","○","v_res_tt_pornmag02","","","○","","clipboard","amb@world_human_clipboard@male@base","base"
"","","/e pornmag6","Porn Magazine 6","物を持つ","","","○","v_res_tt_pornmag03","","","○","","clipboard","amb@world_human_clipboard@male@base","base"
"","","/e pornmag7","Porn Magazine 7","物を持つ","","","○","v_res_tt_pornmag04","","","○","","clipboard","amb@world_human_clipboard@male@base","base"
"","","/e posecutef","Cute Pose Female","ふつうの動作","","○","","","","","","","","pupppy@freepose01","freepose01"
"","","/e posecutef2","Cute Pose Female 2","ふつうの動作","","○","","","","","","","","pupppy@freepose03","freepose03"
"","","/e posecutef3","Cute Pose Female 3","ふつうの動作","","○","","","","","","","","pupppy@freepose04","freepose04"
"","","/e posecutef4","Cute Pose Female 4","ふつうの動作","","○","","","","","","","","handkylie@queensisters","kylie_clip"
"","","/e posecutem","Cute Pose Male","ふつうの動作","","○","","","","","","","","pupppy@freepose02","freepose02"
"","","/walk Posh","Posh","歩き方","○","","","","","","","","","move_m@posh@",""
"","","/walk Posh2","Posh 2","歩き方","○","","","","","","","","","move_f@posh@",""
"","","/e potplant","Pot Plant (Small)","物を持つ","","","○","bkr_prop_weed_01_small_01c","","","","","","anim@heists@box_carry@","idle"
"","","/e potplant2","Pot Plant (Medium)","物を持つ","","","○","bkr_prop_weed_01_small_01b","","","","","","anim@heists@box_carry@","idle"
"","","/e potplant3","Pot Plant (Large)","物を持つ","","","○","bkr_prop_weed_lrg_01b","","","","","","anim@heists@box_carry@","idle"
"","","/e power","Power House","物を持つ","","","○","prop_bzzz_elektro_powerhouse001","","","","","","move_weapon@jerrycan@generic","idle"
"","","/e present","Present","物を持つ","","","○","xm3_prop_xm3_present_01a","","","","","","anim@heists@box_carry@","idle"
"","","/e prone","Prone","ふつうの動作","○","○","","","","","","","","missfbi3_sniping","prone_dave"
"","","/e propose","Propose","物を持つ","","○","","ultra_ringcase","","","","","","ultra@propose","propose"
"","","/e propose2","Propose 2 - Valentines Day","物を持つ","","○","","pata_freevalentinesday","","","","","","ultra@propose","propose"
"","","/e propose3","Propose 3","物を持つ","","○","","pata_freevalentinesday2","","","","","","ultra@propose","propose"
"","","/e prosthigh","Prostitue High","ふつうの動作","○","","","","","","","","","Scenario:SCENARIO","WORLD_HUMAN_PROSTITUTE_HIGH_CLASS"
"","","/e prostlow","Prostitue Low","ふつうの動作","○","","","","","","","","","Scenario:SCENARIO","WORLD_HUMAN_PROSTITUTE_LOW_CLASS"
"","","/e protest","Protest","物を持つ","","","○","prop_cs_protest_sign_01","","","","","","rcmnigel1d","base_club_shoulder"
"","","/e protest2","Protest 2 - Pride","物を持つ","","","○","pride_sign_01","","","","","","rcmnigel1d","base_club_shoulder"
"","","/e protest3","Protest 3 - BLM","物を持つ","","","○","scully_blm","","","","","","rcmnigel1d","base_club_shoulder"
"","","/e protest4","Protest 4 - LSPD","物を持つ","","","○","prop_protestsign_01_fh","","","","","","rcmnigel1d","base_club_shoulder"
"","","/e protest5","Protest 5 - FIB","物を持つ","","","○","prop_protestsign_02_fh","","","","","","rcmnigel1d","base_club_shoulder"
"","","/e protest6","Protest 6 - IAA","物を持つ","","","○","prop_protestsign_03_fh","","","","","","rcmnigel1d","base_club_shoulder"
"","","/e protest7","Protest 7 - PIA","物を持つ","","","○","prop_protestsign_04_fh","","","","","","rcmnigel1d","base_club_shoulder"
"","","/e puddle","Puddle","ふつうの動作","○","","","","","","","","","Scenario:SCENARIO","WORLD_HUMAN_BUM_WASH"
"","","/e puke","Puke","物を持つ","","","○","","","","","○","","cross_arms@dark","cross_arms_clip"
"","","/e puke2","Puke 2","物を持つ","","","○","","","","","○","","missheistpaletoscore1leadinout","trv_puking_leadout"
"","","/e puke3","Puke 3","物を持つ","","○","","","","","","○","","anim@scripted@ulp_missions@injured_agent@","idle"
"","","/e puke4","Puke 4","物を持つ","","○","","","","","","○","","anim@scripted@freemode@throw_up_toilet@male@","vomit"
"","","/e pull","Pull","ふつうの動作","○","","○","","","","","","","random@mugging4","struggle_loop_b_thief"
"","","/e pullover","Pullover","ふつうの動作","○","","○","","","","","","","misscarsteal3pullover","pull_over_right"
"","","/e pump","Pumpkin","物を持つ","","","○","prop_veg_crop_03_pump","","","","","","missfbi4prepp1","idle"
"","","/e pump2","Pumpkin 2","物を持つ","","","○","prop_veg_crop_03_pump","","","","","","anim@heists@box_carry@","idle"
"","","/e pump3","Pumpkin 3","物を持つ","","","○","reh_prop_reh_lantern_pk_01a","","","","","","missfbi4prepp1","idle"
"","","/e pump4","Pumpkin 4","物を持つ","","","○","reh_prop_reh_lantern_pk_01b","","","","","","missfbi4prepp1","idle"
"","","/e pump5","Pumpkin 5","物を持つ","","","○","reh_prop_reh_lantern_pk_01c","","","","","","missfbi4prepp1","idle"
"","","/e punch","Punch","2人でやる","○","","","","punched","","","","melee","melee@unarmed@streamed_variations","plyr_takedown_rear_lefthook"
"","","/e punched","Punched","2人でやる","○","","","","punch","","","","melee","melee@unarmed@streamed_variations","victim_takedown_front_cross_r"
"","","/e punching","Punching","ふつうの動作","○","","○","","","","","","","rcmextreme2","loop_punching"
"","","/e punching2","Punching 2","ふつうの動作","","","","","","","","","eat golf","anim@scripted@bty2@ig2_beat_target@male@","standing_punch_v1_golfer"
"","","/e push","Push","ふつうの動作","○","○","","","","","","","","missfinale_c2ig_11","pushcar_offcliff_f"
"","","/e push2","Push 2","ふつうの動作","○","○","","","","","","","","missfinale_c2ig_11","pushcar_offcliff_m"
"","","/e pushup","Pushup","ふつうの動作","○","○","","","","","","","","amb@world_human_push_ups@male@idle_a","idle_d"
"","","/walk Quick","Quick","歩き方","○","","","","","","","","","move_m@quick",""
"","","/e rabbit","Rabbit","ふつうの動作","○","","","","","","","","","random@peyote@rabbit","wakeup"
"","","/e radio","Radio","ふつうの動作","○","","○","","","","","","","random@arrests","generic_radio_chatter"
"","","/e raiseglass","Raise Your Glass","物を持つ","","","○","p_champ_flute_s","","","","","","chocoholic@duo32","duo32_clip"
"","","/e raiseglass2","Raise Your Glass 2","物を持つ","","","○","p_champ_flute_s","","","","","","chocoholic@duo34","duo34_clip"
"","","/e rake","Rake","物を持つ","","○","","prop_tool_rake","","","","","","anim@amb@drug_field_workers@rake@male_a@base","base"
"","","/e rake2","Rake 2","物を持つ","","○","","prop_tool_rake","","","","","","anim@amb@drug_field_workers@rake@male_a@idles","idle_b"
"","","/e rake3","Rake 3","物を持つ","","○","","prop_tool_rake","","","","","","anim@amb@drug_field_workers@rake@male_b@base","base"
"","","/e rake4","Rake 4","物を持つ","","○","","prop_tool_rake","","","","","","anim@amb@drug_field_workers@rake@male_b@idles","idle_d"
"","","/e rap","Rap / Sing","ふつうの動作","","","○","","","","","","","couple_singing_m@darks37","couple_singing_m_clip"
"","","/e rap2","Rap / Sing 2 - Microphone","物を持つ","","","○","sf_prop_sf_mic_01a","","","","","","mic_pose_1@darksj","mic_pose_1_clip"
"","","/e rap3","Rap / Sing 3 - Microphone Rock Hand Sign","物を持つ","","","○","sf_prop_sf_mic_01a","","","","","","mic_pose_2@darksj","mic_pose_2_clip"
"","","/e rap4","Rap / Sing 4 - Microphone Bend Back","物を持つ","","○","","sf_prop_sf_mic_01a","","","","","","mic_pose_3@darksj","mic_pose_3_clip"
"","","/e rap5","Rap / Sing 5 - Microphone Kneel","物を持つ","","○","","sf_prop_sf_mic_01a","","","","","","mic_pose_4@darksj","mic_pose_4_clip"
"","","/e rap6","Rap / Sing 6 - Microphone","物を持つ","","","○","sf_prop_sf_mic_01a","","","","","","mic_pose_5_a@darksj","mic_pose_5_a_clip"
"","","/e rawr","Rawr","ふつうの動作","","","○","","","","","","","ebrwny_pack000","ebrwny_rawr"
"","","/e record","Record","ふつうの動作","○","","","","","","","","","Scenario:SCENARIO","WORLD_HUMAN_MOBILE_FILM_SHOCKING"
"","","/e register","Register","物を持つ","","","○","v_ret_gc_cashreg","","","","","","anim@heists@box_carry@","idle"
"","","/e relax","Relax","ふつうの動作","","○","","","","車の外だけ","","","","lying@on_grass","base"
"","","/e relax2","Relax 2","ふつうの動作","","○","","","","車の外だけ","","","","lying@on_couch_legs_crossed","base"
"","","/e respect","Respect Male","ふつうの動作","","","○","","","","","","","anim@mp_player_intcelebrationmale@respect","respect"
"","","/e respectf","Respect Female","ふつうの動作","","","○","","","","","","","anim@mp_player_intcelebrationfemale@respect","respect"
"","","/walk Ron","Ron","歩き方","","","","","","","","","","move_characters@ron",""
"","","/e rose","Rose","物を持つ","○","","○","prop_single_rose","","","","","","anim@heists@humane_labs@finale@keycards","ped_a_enter_loop"
"","","/e rose2","Rose 2 (Male)","物を持つ","","","○","prop_single_rose","","","","","phone","missheistdocksprep1hold_cellphone","static"
"","","/e rose3","Rose 3 (Female)","物を持つ","","","○","prop_single_rose","","","","","phone","missheistdocksprep1hold_cellphone","static"
"","","/walk Runner","Runner","歩き方","○","","","","","","","","","female_fast_runner",""
"","","/walk Sad","Sad Male","歩き方","○","","","","","","","","","move_m@sad@a",""
"","","/walk Sad2","Sad Male 2","歩き方","","","","","","","","","","move_m@sad@b",""
"","","/walk Sad3","Sad Male 3","歩き方","","","","","","","","","","move_m@sad@c",""
"","","/walk Sad4","Sad Female","歩き方","","","","","","","","","","move_f@sad@a",""
"","","/walk Sad5","Sad Female 2","歩き方","","","","","","","","","","move_f@sad@b",""
"","","/e salsa","Salso Roll","ダンス","","○","","","","","","","","anim@mp_player_intuppersalsa_roll","idle_a"
"","","/e salute","Salute","ふつうの動作","○","","○","","","","","","salute","anim@mp_player_intincarsalutestd@ds@","idle_a"
"","","/e salute2","Salute 2","ふつうの動作","○","","○","","","","","","salute","anim@mp_player_intincarsalutestd@ps@","idle_a"
"","","/e salute3","Salute 3","ふつうの動作","○","","○","","","","","","salute","anim@mp_player_intuppersalute","idle_a"
"","","/e sandwich","Sandwich","物を持つ","○","","○","prop_sandwich_01","","","","","eat","mp_player_inteat@burger","mp_player_int_eat_burger"
"","","/e sassy","Sassy","ふつうの動作","","","○","","","","","","","ebrwny_pack000","ebrwny_sass"
"","","/walk Sassy","Sassy","歩き方","○","","","","","","","","","move_m@sassy",""
"","","/walk Sassy2","Sassy 2","歩き方","○","","","","","","","","","move_f@sassy",""
"","","/e sax","Saxophone 1","物を持つ","","","○","p_ld_sax","","","","","phone","play_saxophone@dark","play_saxophone_clip"
"","","/e scalpel","Scalpel","物を持つ","","","○","prop_scalpel","","","","","","anim@heists@humane_labs@finale@keycards","ped_a_enter_loop"
"","","/e scared","Scared","ふつうの動作","○","","○","","","","","","","random@domestic","f_distressed_loop"
"","","/e scared2","Scared 2","ふつうの動作","○","","○","","","","","","","random@homelandsecurity","knees_loop_girl"
"","","/e scared3","Scared 2","ふつうの動作","","","○","","","","","","","xm3_drg2_cook_int-5","csb_labrat_dual-5"
"","","/walk Scared","Scared","歩き方","○","","","","","","","","","move_f@scared",""
"","","/mood Scheme","Scheme","表情","","","","","","","","","dancing","mood_dancing_high_2",""
"","","/e scratch","Scratch Balls","ふつうの動作","","","","","","","○","","","move_p_m_two_idles@generic","fidget_scratch_balls"
"","","/e screwyou","Screw You","ふつうの動作","○","","○","","","","","","","misscommon@response","screw_you"
"","","/e sdogbark","Bark (small dog)","動物のとき限定","","○","","","","","","","eat","creatures@pug@amb@world_dog_barking@idle_a","idle_a"
"","","/e sdogbb","Baseball (small dog)","動物のとき限定","","○","","w_am_baseball","","","","","eat","creatures@pug@move","nill"
"","","/e sdogburger","Burger (small dog)","動物のとき限定","","○","","prop_cs_burger_01","","","","","eat","creatures@pug@move","nill"
"","","/e sdogcontroller","Controller (small dog)","動物のとき限定","","○","","prop_controller_01","","","","","eat","creatures@pug@move","nill"
"","","/e sdogdance","Dance (small dog)","動物のとき限定","","○","","ba_prop_battle_glowstick_01","","","","","eat","creatures@pug@move","idle_turn_0"
"","","/e sdogdance2","Dance 2 (small dog)","動物のとき限定","","○","","ba_prop_battle_glowstick_01","","","","","eat","creatures@pug@move","idle_turn_0"
"","","/e sdogdancepridea","Dance Pride A (small dog)","動物のとき限定","","○","","lilprideflag1","","","","","eat","creatures@pug@move","idle_turn_0"
"","","/e sdogdanceprideb","Dance Pride B - LGBTQIA (small dog)","動物のとき限定","","○","","lilprideflag2","","","","","eat","creatures@pug@move","idle_turn_0"
"","","/e sdogdancepridec","Dance Pride C - Bisexual (small dog)","動物のとき限定","","○","","lilprideflag3","","","","","eat","creatures@pug@move","idle_turn_0"
"","","/e sdogdanceprided","Dance Pride D - Lesbian (small dog)","動物のとき限定","","○","","lilprideflag4","","","","","eat","creatures@pug@move","idle_turn_0"
"","","/e sdogdancepridee","Dance Pride E - Pansexual (small dog)","動物のとき限定","","○","","lilprideflag5","","","","","eat","creatures@pug@move","idle_turn_0"
"","","/e sdogdancepridef","Dance Pride F - Transgender  (small dog)","動物のとき限定","","○","","lilprideflag6","","","","","eat","creatures@pug@move","idle_turn_0"
"","","/e sdogdanceprideg","Dance Pride G - Non Binary (small dog)","動物のとき限定","","○","","lilprideflag7","","","","","eat","creatures@pug@move","idle_turn_0"
"","","/e sdogdanceprideh","Dance Pride H - Asexual (small dog)","動物のとき限定","","○","","lilprideflag8","","","","","eat","creatures@pug@move","idle_turn_0"
"","","/e sdogdancepridei","Dance Pride I - Straight Ally (small dog)","動物のとき限定","","○","","lilprideflag9","","","","","eat","creatures@pug@move","idle_turn_0"
"","","/e sdogdolla","Dollar Bill (small dog)","動物のとき限定","","○","","p_banknote_onedollar_s","","","","","eat","creatures@pug@move","nill"
"","","/e sdogdolla2","Dollar Bill Scrunched  (small dog)","動物のとき限定","","○","","bkr_prop_scrunched_moneypage","","","","","eat","creatures@pug@move","nill"
"","","/e sdogdolla3","Money Stack  (small dog)","動物のとき限定","","○","","bkr_prop_money_wrapped_01","","","","","eat","creatures@pug@move","nill"
"","","/e sdogdolla4","Money Bag  (small dog)","動物のとき限定","","○","","ch_prop_ch_moneybag_01a","","","","","eat","creatures@pug@move","nill"
"","","/e sdogfris","Frisbee (small dog)","動物のとき限定","","","○","p_ld_frisbee_01","","","","","eat","creatures@pug@move","nill"
"","","/e sdogfw","Firework - Small Dog","動物のとき限定","","","○","ind_prop_firework_01","","","","○","eat","creatures@pug@move","nill"
"","","/e sdogggun","Gun Gold (small dog)","動物のとき限定","","○","","w_pi_pistol_luxe","","","","","eat","creatures@pug@move","nill"
"","","/e sdoggl1","Aviators (small dog)","動物のとき限定","","○","","prop_aviators_01","","","","","eat","creatures@pug@move","nill"
"","","/e sdoggl2","Aviators Sitting (small dog)","動物のとき限定","","○","","prop_aviators_01","","","","","eat sitting","creatures@pug@amb@world_dog_sitting@idle_a","idle_b"
"","","/e sdoggl3","Sunglasses (small dog)","動物のとき限定","","○","","prop_cs_sol_glasses","","","","","eat","creatures@pug@move","nill"
"","","/e sdoggl4","Sunglasses Sitting (small dog)","動物のとき限定","","○","","prop_cs_sol_glasses","","","","","eat sitting","creatures@pug@amb@world_dog_sitting@idle_a","idle_b"
"","","/e sdoggun2","Gun Gold Sit (small dog)","動物のとき限定","","○","","w_pi_pistol_luxe","","","","","eat sitting","creatures@pug@amb@world_dog_sitting@idle_a","idle_b"
"","","/e sdoghat","Hat 1 (small dog)","動物のとき限定","","○","","prop_proxy_hat_01","","","","","eat","creatures@pug@move","nill"
"","","/e sdoghat2","Hat 2 Sitting (small dog)","動物のとき限定","","○","","prop_proxy_hat_01","","","","","eat sitting","creatures@pug@amb@world_dog_sitting@idle_a","idle_b"
"","","/e sdoghd1","Hot Dog (small dog)","動物のとき限定","","○","","prop_cs_hotdog_01","","","","","eat","creatures@pug@move","nill"
"","","/e sdoghd2","Hot Dog Sitting (small dog)","動物のとき限定","","○","","prop_cs_hotdog_01","","","","","eat sitting","creatures@pug@amb@world_dog_sitting@idle_a","idle_b"
"","","/e sdoghlmt1","Helmet 1 (small dog)","動物のとき限定","","○","","ba_prop_battle_sports_helmet","","","","","eat","creatures@pug@move","nill"
"","","/e sdoghlmt2","Helmet 2 (small dog)","動物のとき限定","","○","","prop_hard_hat_01","","","","","eat","creatures@pug@move","nill"
"","","/e sdogitch","Itch (small dog)","動物のとき限定","","○","","","","","","","eat sitting","creatures@pug@amb@world_dog_sitting@idle_a","idle_a"
"","","/e sdoglay","Lay Down (small dog)","動物のとき限定","","○","","","","","","","eat","creatures@pug@move","dead_left"
"","","/e sdogld","Lay Down (small dog)","動物のとき限定","","○","","","","","","","","misssnowie@little_doggy_lying_down","base"
"","","/e sdogmic","Microphone (small dog)","動物のとき限定","","○","","p_ing_microphonel_01","","","","","eat","creatures@pug@move","nill"
"","","/e sdogpee","Pee (Small Dog)","動物のとき限定","","○","","","","","","○","eat","creatures@pug@move","nill"
"","","/e sdogpridea","Pride A (small dog)","動物のとき限定","","○","","lilprideflag1","","","","","eat","creatures@pug@move","nill"
"","","/e sdogprideb","Pride B - LGBTQIA (small dog)","動物のとき限定","","○","","lilprideflag2","","","","","eat","creatures@pug@move","nill"
"","","/e sdogpridec","Pride C - Bisexual (small dog)","動物のとき限定","","○","","lilprideflag3","","","","","eat","creatures@pug@move","nill"
"","","/e sdogprided","Pride D - Lesbian (small dog)","動物のとき限定","","○","","lilprideflag4","","","","","eat","creatures@pug@move","nill"
"","","/e sdogpridee","Pride E - Pansexual (small dog)","動物のとき限定","","○","","lilprideflag5","","","","","eat","creatures@pug@move","nill"
"","","/e sdogpridef","Pride F - Transgender  (small dog)","動物のとき限定","","○","","lilprideflag6","","","","","eat","creatures@pug@move","nill"
"","","/e sdogprideg","Pride G - Non Binary (small dog)","動物のとき限定","","○","","lilprideflag6","","","","","eat","creatures@pug@move","nill"
"","","/e sdogprideh","Pride H - Non Binary (small dog)","動物のとき限定","","○","","lilprideflag7","","","","","eat","creatures@pug@move","nill"
"","","/e sdogpridei","Pride I - Asexual (small dog)","動物のとき限定","","○","","lilprideflag8","","","","","eat","creatures@pug@move","nill"
"","","/e sdogpridesita","Pride A Sit (small dog)","動物のとき限定","","○","","lilprideflag1","","","","","eat sitting","creatures@pug@amb@world_dog_sitting@idle_a","idle_b"
"","","/e sdogpridesitb","Pride B Sit LGBTQIA  (small dog)","動物のとき限定","","○","","lilprideflag2","","","","","eat sitting","creatures@pug@amb@world_dog_sitting@idle_a","idle_b"
"","","/e sdogpridesitc","Pride C Sit Bisexual  (small dog)","動物のとき限定","","○","","lilprideflag3","","","","","eat sitting","creatures@pug@amb@world_dog_sitting@idle_a","idle_b"
"","","/e sdogpridesitd","Pride D Sit Lesbian (small dog)","動物のとき限定","","○","","lilprideflag4","","","","","eat sitting","creatures@pug@amb@world_dog_sitting@idle_a","idle_b"
"","","/e sdogpridesite","Pride E Sit Pansexual  (small dog)","動物のとき限定","","○","","lilprideflag5","","","","","eat sitting","creatures@pug@amb@world_dog_sitting@idle_a","idle_b"
"","","/e sdogpridesitf","Pride F Sit Transgender   (small dog)","動物のとき限定","","○","","lilprideflag6","","","","","eat sitting","creatures@pug@amb@world_dog_sitting@idle_a","idle_b"
"","","/e sdogpridesitg","Pride G Sit Non Binary (small dog)","動物のとき限定","","○","","lilprideflag7","","","","","eat sitting","creatures@pug@amb@world_dog_sitting@idle_a","idle_b"
"","","/e sdogpridesith","Pride H Sit Asexual  (small dog)","動物のとき限定","","○","","lilprideflag8","","","","","eat sitting","creatures@pug@amb@world_dog_sitting@idle_a","idle_b"
"","","/e sdogpridesiti","Pride I Sit Straight Ally  (small dog)","動物のとき限定","","○","","lilprideflag9","","","","","eat sitting","creatures@pug@amb@world_dog_sitting@idle_a","idle_b"
"","","/e sdogrose","Rose (small dog)","動物のとき限定","","○","","prop_single_rose","","","","","eat","creatures@pug@move","nill"
"","","/e sdogrose2","Rose Sit (small dog)","動物のとき限定","","○","","prop_single_rose","","","","","eat sitting","creatures@pug@amb@world_dog_sitting@idle_a","idle_b"
"","","/e sdogshake","Shake (small dog)","動物のとき限定","","○","","","","","","","eat","creatures@pug@amb@world_dog_barking@idle_a","idle_c"
"","","/e sdogshit","Shit (Small Dog)","動物のとき限定","","","○","","","","","○","eat","creatures@pug@move","nill"
"","","/e sdogsit","Sit (small dog)","動物のとき限定","","○","","","","","","","eat sitting","creatures@pug@amb@world_dog_sitting@idle_a","idle_b"
"","","/e sdogsteak","Steak (small dog)","動物のとき限定","","○","","prop_cs_steak","","","","","eat","creatures@pug@move","nill"
"","","/e sdogsteak2","Steak 2 Lay Down (small dog)","動物のとき限定","","○","","prop_cs_steak","","","","","eat sitting","creatures@pug@amb@world_dog_sitting@idle_a","idle_c"
"","","/e sdogstun","Stun Gun (small dog)","動物のとき限定","","○","","w_pi_stungun","","","","○","eat","creatures@pug@move","nill"
"","","/e sdogteddy","Teddy (small dog)","動物のとき限定","","○","","v_ilev_mr_rasberryclean","","","","","eat","creatures@pug@move","nill"
"","","/e sdogteddy2","Teddy 2 (small dog)","動物のとき限定","","○","","v_ilev_mr_rasberryclean","","","","","eat sitting","creatures@pug@amb@world_dog_sitting@idle_a","idle_b"
"","","/e sdogtennis","Tennis Ball (small dog)","動物のとき限定","","○","","prop_tennis_ball","","","","","eat","creatures@pug@move","nill"
"","","/e sdogtennisr","Tennis Racket (small dog)","動物のとき限定","","○","","prop_tennis_rack_01","","","","","eat","creatures@pug@move","nill"
"","","/e search","Search","2人でやる","","","○","","search2","","","","","custom@police","police"
"","","/e search2","Be searched","2人でやる","","","○","","search","","","","yoga","missfam5_yoga","a2_pose"
"","","/e selfie","Selfie","物を持つ","","","○","prop_phone_ing","","","","○","","anim@mp_player_intuppertake_selfie","idle_a"
"","","/e selfie2","Selfie 2","物を持つ","","","○","prop_phone_ing","","","","○","phone","cellphone@self@franklin@","peace"
"","","/e selfie3","Selfie 3 - West Side","物を持つ","","","○","prop_phone_ing","","","","○","phone","cellphone@self@franklin@","west_coast"
"","","/e selfie4","Selfie 4 - Finger","物を持つ","","","○","prop_phone_ing","","","","○","phone","cellphone@self@trevor@","aggressive_finger"
"","","/e selfie5","Selfie 5 - Finger 2","物を持つ","","","○","prop_phone_ing","","","","○","phone","cellphone@self@trevor@","proud_finger"
"","","/e selfie6","Selfie 6 - Throat Slit","物を持つ","","","○","prop_phone_ing","","","","○","phone","cellphone@self@trevor@","throat_slit"
"","","/e selfie7","Selfie 7 - Chest Bump","物を持つ","","","○","prop_phone_ing","","","","○","phone","cellphone@self@franklin@","chest_bump"
"","","/e selfie8","Selfie 8 - Bumper Pics","物を持つ","","","○","prop_phone_ing","","","","○","","anim@amb@carmeet@take_photos@","female_b_idle_d"
"","","/e selfie9","Selfie 9 - Selfie Ceck","物を持つ","","○","","prop_phone_ing","","","","○","","anim@amb@carmeet@take_photos@","female_b_idle_b"
"","","/e selfiebbum","Selfie Beach Bum","物を持つ","","○","","prop_phone_ing","","","","○","","anim@female_beach_booty_selfie","booty_selfie_clip"
"","","/e selfiecrouch","Selfie Crouching","物を持つ","","○","","prop_phone_ing","","","","○","","crouching@taking_selfie","base"
"","","/e selfiecrouch2","Selfie Crouching 2","物を持つ","","○","","prop_phone_ing","","","","○","phone","eagle@girlphonepose13","girl"
"","","/e selfiecrouch3","Selfie Crouching 3","物を持つ","","○","","prop_phone_ing","","","","○","","anim@male_insta_selfie","insta_selfie_clip"
"","","/e selfiecrouch4","Selfie Crouching 4","物を持つ","","○","","prop_phone_ing","","","","○","","anim@female_selfie_risque","selfie_risque_clip"
"","","/e selfiecute","Selfie Cute","物を持つ","","○","","prop_phone_ing","","","","○","","pupppy@freeselfie01","freeselfie01"
"","","/e selfiecute2","Selfie Cute 2","物を持つ","","○","","prop_phone_ing","","","","○","","pupppy@freeselfie02","freeselfie02"
"","","/e selfiecute3","Selfie Cute 3","物を持つ","","○","","prop_phone_ing","","","","○","","pupppy@freeselfie03","freeselfie03"
"","","/e selfiecute4","Selfie Cute 4","物を持つ","","○","","prop_phone_ing","","","","○","","anim@egirl_1foot_selfie","1foot_selfie_clip"
"","","/e selfiecute5","Selfie Cute 5","物を持つ","","○","","prop_phone_ing","","","","○","phone","eagle@girlphonepose21","girl"
"","","/e selfieegirl","Selfie E Girl","物を持つ","","○","","prop_phone_ing","","","","○","","anim@female_egirl_cute_selfie","cute_selfie_clip"
"","","/e selfiefloor","Selfie Floor Instagram","物を持つ","","○","","prop_phone_ing","","","","○","","anim@selfie_floor_cute","floor_cute_clip"
"","","/e selfiefloor2","Selfie Floor 2","物を持つ","","○","","prop_phone_ing","","","","○","","anim@female_selfie_04","f_selfie_04_clip"
"","","/e selfiefloor3","Selfie & Wine","物を持つ","","○","","p_wine_glass_s","","","","○","","chocoholic@single90","single90_clip"
"","","/e selfiefu","Selfie Middle Finger","物を持つ","","○","","prop_phone_ing","","","","○","","anim@fuck_you_selfie","fuck_you_selfie_clip"
"","","/e selfiefu2","Selfie Middle Finger 2","物を持つ","","○","","prop_phone_ing","","","","○","","fuckyouselfie@queensisters","mirrorselfie_clip"
"","","/e selfiefu3","Selfie Middle Finger Thot Pose","物を持つ","","○","","prop_cs_dildo_01","","","○","○","","selfiekilye@queensisters","kilye_clip"
"","","/e selfiehb","Selfie Hand Bag","物を持つ","","○","","prop_amb_handbag_01","","","","○","","anim@female_selfie_cute","selfie_cute_clip"
"","","/e selfiehhands","Selfie Heart Hands","物を持つ","","○","","prop_phone_ing","","","","○","","heartselfiemirror@queensisters","heartselfie_clip"
"","","/e selfiehigh","Selfie High","物を持つ","","","○","prop_phone_ing","","","","○","","girl_groupe_b@darksj","girl_groupe_b_clip"
"","","/e selfiemale","Selfie Male Pose","物を持つ","","","○","prop_phone_ing","","","","○","","eagle@boypose04","boy"
"","","/e selfiemeh","Selfie Meh","物を持つ","","○","","prop_phone_ing","","","","○","","chocoholic@single81","single81_clip"
"","","/e selfiepeace","Selfie Peace","物を持つ","","","○","prop_phone_ing","","","","○","","mirror_selfie@peace_sign","base"
"","","/e selfiesexy","Selfie Sexy","物を持つ","","○","","prop_phone_ing","","","","○","","littlespoon@selfie001","selfie001"
"","","/e selfiesexy2","Selfie Sexy 2","物を持つ","","○","","prop_phone_ing","","","","○","","littlespoon@selfie002","selfie002"
"","","/e selfiesexy3","Selfie Sexy 3 - Squat","物を持つ","","○","","prop_phone_ing","","","","○","","littlespoon@selfie003","selfie003"
"","","/e selfiesexy4","Selfie Sexy 4","物を持つ","","○","","prop_phone_ing","","","","○","","littlespoon@selfie004","selfie004"
"","","/e selfiesexy5","Selfie Sexy 5","物を持つ","","○","","prop_phone_ing","","","","○","","littlespoon@selfie005","selfie005"
"","","/e selfiesit","Selfie Sitting","物を持つ","","○","","prop_phone_ing","","","","","sitting","mouse@female_sitting_selfie","female_sitting_selfie_clip"
"","","/e selfiesit2","Selfie Sitting 2","物を持つ","","○","","prop_phone_ing","","","","○","","eagle@boypose05","boy"
"","","/e selfiesit3","Selfie Sitting 3","物を持つ","","○","","prop_phone_ing","","","","○","","chocoholic@single77","single77_clip"
"","","/e selfiesit4","Selfie Sitting 4","物を持つ","","○","","prop_phone_ing","","","","○","","chocoholic@single89","single89_clip"
"","","/e selfiesit5","Selfie Sitting 5","物を持つ","","○","","prop_phone_ing","","","","○","","chocoholic@single83","single83_clip"
"","","/e selfieslut","Selfie Slut Pose","物を持つ","","○","","prop_phone_ing","","","○","○","","anim@female_floor_slutarch_selfie","slutarch_selfie_clip"
"","","/e selfiesquat","Selfie Squat Male","物を持つ","","○","","prop_cash_pile_02","","","","○","","mrwitt@selfie02_male","mrwitt"
"","","/e selfiethot","Selfie Thot Instagram","物を持つ","","○","","prop_phone_ing","","","","○","sitting","anim@sitting_thot","sitting_thot_clip"
"","","/e selfiewine","Selfie Wine","物を持つ","","","○","p_wine_glass_s","","","","○","","holding_wine@taking_selfie","base"
"","","/walk Sexy","Sexy","歩き方","○","","","","","","","","","move_f@sexy@a",""
"","","/e sexypose","Sexy Pose","ふつうの動作","","○","","","","","","","","littlespoon@sexy003","sexy003"
"","","/e sexypose2","Sexy Pose 2","ふつうの動作","","○","","","","","","","","littlespoon@sexy004","sexy004"
"","","/e sexypose3","Sexy Pose 3","ふつうの動作","","○","","","","","","","","littlespoon@sexy005","sexy005"
"","","/e sexypose4","Sexy Pose 4","ふつうの動作","","○","","","","","","","","littlespoon@sexy006","sexy006"
"","","/e sexypose5","Sexy Pose 5","ふつうの動作","","○","","","","","","","","littlespoon@sexy009","sexy009"
"","","/e sexypose6","Sexy Pose 6","ふつうの動作","","○","","","","","","","","littlespoon@sexy012","sexy012"
"","","/e sexypose7","Sexy Pose 7","ふつうの動作","","○","","","","","","","","bad_girls_pose3@darks37","bad_girls_pose3_clip"
"","","/walk Shady","Shady","歩き方","○","","","","","","","","","move_m@shadyped@a",""
"","","/e shaka","Shaka 'Hang Loose'","ふつうの動作","","","○","","","","","","","sign@hang_loose","base"
"","","/e shaka2","Shaka 'Hang Loose Casual'","ふつうの動作","","","○","","","","","","","sign@hang_loose_casual","base"
"","","/e shakeoff","Shake Off","ふつうの動作","○","","○","","","","","","","move_m@_idles@shake_off","shakeoff_1"
"","","/e shield","Shield","物を持つ","","","○","prop_riot_shield","","","","","","beachanims@molly","beachanim_surf_clip"
"","","/e shield2","Shield 2","物を持つ","","","○","prop_ballistic_shield","","","","","","beachanims@molly","beachanim_surf_clip"
"","","/e shit","Shit","物を持つ","","○","","prop_toilet_roll_01","","","","○","","missfbi3ig_0","shit_loop_trev"
"","","/e shit2","Shit While Walking","物を持つ","","","○","prop_toilet_roll_01","","","","○","","missfbi3ig_0","nill"
"","","/mood Shocked","Shocked","表情","","","","","","","","","","shocked_1",""
"","","/mood Shocked2","Shocked 2","表情","","","","","","","","","","shocked_2",""
"","","/e shoepose","Shoe Kick Pose","ふつうの動作","","○","","","","","","","","male_duo_a@darksj","male_duo_a_clip"
"","","/e shopbag","Shopping Bag","物を持つ","","","○","vw_prop_casino_shopping_bag_01a","","","","","","move_weapon@jerrycan@generic","idle"
"","","/e shopbag2","Shopping Bag 2","物を持つ","","","○","prop_shopping_bags02","","","","","","move_weapon@jerrycan@generic","idle"
"","","/e shopbag3","Shopping Bag 3","物を持つ","","","○","prop_cs_shopping_bag","","","","","","move_weapon@jerrycan@generic","idle"
"","","/e shopbag4","Shopping Bag 4","物を持つ","","","○","prop_carrier_bag_01","","","","○","","chocoholic@single54","single54_clip"
"","","/e shot","Shot","ふつうの動作","○","○","","","","","","","","random@dealgonewrong","idle_a"
"","","/e showboobs","Show Boobs","ふつうの動作","","","","","","","○","","","mini@strip_club@backroom@","stripper_b_backroom_idle_b"
"","","/e showboobs2","Show Boobs 2","ふつうの動作","","","","","","","○","","","mini@strip_club@idles@stripper","stripper_idle_05"
"","","/e showerf","Shower Enter Female","ふつうの動作","","○","","","","","","","","mp_safehouseshower@female@","shower_enter_into_idle"
"","","/e showerf2","Shower Female","ふつうの動作","","○","","","","","","","","mp_safehouseshower@female@","shower_idle_a"
"","","/e showerf3","Shower Female 2","ふつうの動作","","○","","","","","","","","mp_safehouseshower@female@","shower_idle_b"
"","","/e showerm","Shower Enter Male","ふつうの動作","","○","","","","","","","","mp_safehouseshower@male@","male_shower_idle_a"
"","","/e showerm2","Shower Male 2","ふつうの動作","","○","","","","","","","","mp_safehouseshower@male@","male_shower_idle_b"
"","","/e showerm3","Shower Male 3","ふつうの動作","","○","","","","","","","","mp_safehouseshower@male@","male_shower_idle_c"
"","","/e showerm4","Shower Male 4","ふつうの動作","","○","","","","","","","","mp_safehouseshower@male@","male_shower_idle_d"
"","","/e shrug","Shrug","ふつうの動作","○","","○","","","","","","","gestures@f@standing@casual","gesture_shrug_hard"
"","","/e shrug2","Shrug 2","ふつうの動作","○","","○","","","","","","","gestures@m@standing@casual","gesture_shrug_hard"
"","","/e sipshake","Sip Milkshake - Bubblegum","物を持つ","","","○","brum_cherryshake_raspberry","","","","","","smo@milkshake_idle","milkshake_idle_clip"
"","","/e sipshakeb","Sip Milkshake - Cherry","物を持つ","","","○","brum_cherryshake_cherry","","","","","","smo@milkshake_idle","milkshake_idle_clip"
"","","/e sipshakec","Sip Milkshake - Chocolate","物を持つ","","","○","brum_cherryshake_chocolate","","","","","","smo@milkshake_idle","milkshake_idle_clip"
"","","/e sipshaked","Sip Milkshake - Coffee","物を持つ","","","○","brum_cherryshake_coffee","","","","","","smo@milkshake_idle","milkshake_idle_clip"
"","","/e sipshakee","Sip Milkshake - Double Chocolate","物を持つ","","","○","brum_cherryshake_doublechocolate","","","","","","smo@milkshake_idle","milkshake_idle_clip"
"","","/e sipshakef","Sip Milkshake - Frappe","物を持つ","","","○","brum_cherryshake_frappe","","","","","","smo@milkshake_idle","milkshake_idle_clip"
"","","/e sipshakeg","Sip Milkshake - Lemon","物を持つ","","","○","brum_cherryshake_lemon","","","","","","smo@milkshake_idle","milkshake_idle_clip"
"","","/e sipshakeh","Sip Milkshake - Mint","物を持つ","","","○","brum_cherryshake_mint","","","","","","smo@milkshake_idle","milkshake_idle_clip"
"","","/e sipshakei","Sip Milkshake - Strawberry","物を持つ","","","○","brum_cherryshake_strawberry","","","","","","smo@milkshake_idle","milkshake_idle_clip"
"","","/e sipshakej","Sip Milkshake - Raspberry","物を持つ","","","○","brum_cherryshake_raspberry","","","","","","smo@milkshake_idle","milkshake_idle_clip"
"","","/e sipshakek","Sip Milkshake - Salted","物を持つ","","","○","brum_cherryshake_salted","","","","","","smo@milkshake_idle","milkshake_idle_clip"
"","","/e sipshakel","Sip Milkshake - Vanilla","物を持つ","","","○","brum_cherryshake_vanilla","","","","","","smo@milkshake_idle","milkshake_idle_clip"
"","","/e sipsoda","Sip Soda Cup - Junk","物を持つ","","","○","rpemotesreborn_soda01","","","","","","smo@milkshake_idle","milkshake_idle_clip"
"","","/e sipsodab","Sip Soda Cup - Sprunk","物を持つ","","","○","rpemotesreborn_soda02","","","","","","smo@milkshake_idle","milkshake_idle_clip"
"","","/e sipsodac","Sip Soda Cup - Hercules Power Fuel","物を持つ","","","○","rpemotesreborn_soda03","","","","","","smo@milkshake_idle","milkshake_idle_clip"
"","","/e sipsodad","Sip Soda Cup - Orang-O-Tang","物を持つ","","","○","rpemotesreborn_soda04","","","","","","smo@milkshake_idle","milkshake_idle_clip"
"","","/e sit","Sit","ふつうの動作","○","○","","","","","","","phone","anim@amb@business@bgen@bgen_no_work@","sit_phone_phoneputdown_idle_nowork"
"","","/e sit10","Sit 10","ふつうの動作","","○","","","","","","","","anim@scripted@bty2@ig1_hiding_target@male@","hiding_sit"
"","","/e sit2","Sit 2","ふつうの動作","○","○","","","","","","","","rcm_barry3","barry_3_sit_loop"
"","","/e sit3","Sit 3","ふつうの動作","○","○","","","","","","","","amb@lo_res_idles@","world_human_picnic_male_lo_res_base"
"","","/e sit4","Sit 4","ふつうの動作","○","○","","","","","","","","amb@lo_res_idles@","world_human_picnic_female_lo_res_base"
"","","/e sit5","Sit 5","ふつうの動作","○","○","","","","","","","","anim@heists@fleeca_bank@ig_7_jetski_owner","owner_idle"
"","","/e sit6","Sit 6","ふつうの動作","○","○","","","","","","","","timetable@jimmy@mics3_ig_15@","idle_a_jimmy"
"","","/e sit7","Sit 7","ふつうの動作","○","○","","","","","","","nightclub","anim@amb@nightclub@lazlow@lo_alone@","lowalone_base_laz"
"","","/e sit8","Sit 8","ふつうの動作","○","○","","","","","","","","timetable@jimmy@mics3_ig_15@","mics3_15_base_jimmy"
"","","/e sit9","Sit 9","ふつうの動作","○","○","","","","","","","","amb@world_human_stupor@male@idle_a","idle_a"
"","","/e sitchair","Sit Chair","ふつうの動作","○","○","","","","","","","","timetable@ron@ig_3_couch","base"
"","","/e sitchair2","Sit Chair 2","ふつうの動作","○","○","","","","","","","","timetable@ron@ig_5_p3","ig_5_p3_base"
"","","/e sitchair3","Sit Chair 3 (Female)","ふつうの動作","○","○","","","","","","","","timetable@reunited@ig_10","base_amanda"
"","","/e sitchair4","Sit Chair 4 - Side","ふつうの動作","○","○","","","","","","","","timetable@ron@ron_ig_2_alt1","ig_2_alt1_base"
"","","/e sitchair5","Sit Chair Legs Crossed","ふつうの動作","○","○","","","","","","","","timetable@jimmy@mics3_ig_15@","mics3_15_base_tracy"
"","","/e sitchair6","Sit Chair Lean Back","ふつうの動作","○","○","","","","","","","","timetable@maid@couch@","base"
"","","/e sitchair7","Sit Chair Attentive","ふつうの動作","","○","","","","","","","","anim@scripted@freemode_npc@fix_astu_ig3_pooh_jimmy@jimmy@","sit_base_jimmy"
"","","/e sitchair8","Sit Chair Lonely","ふつうの動作","","○","","","","","","","","anim@scripted@freemode_npc@fix_dre_studio_entourage@","lonely_ballas"
"","","/e sitchairf","Sit Chair - Armchair","物を持つ","","○","","p_armchair_01_s","","","","","","mouse@femalearmchair","female_armchair_clip_01"
"","","/e sitchairf2","Sit Chair - Arms Folded","物を持つ","","○","","ba_prop_battle_club_chair_03","","","","","sitting","mouse@female_sitting_folded","female_sitting_folded_clip"
"","","/e sitchairf3","Sit Chair - Leaning Forward","物を持つ","","○","","ba_prop_battle_club_chair_03","","","","","sitting","mouse@female_sitting_forward","female_sitting_forward_clip"
"","","/e sitchairf4","Sit Chair - Smart","物を持つ","","○","","ba_prop_battle_club_chair_03","","","","","sitting","mouse@female_smart_sitting","female_smart_sitting_clip"
"","","/e sitchairf5","Sit Chair - Legs Crossed","物を持つ","","○","","ba_prop_battle_club_chair_03","","","","","sitting","mouse@female_smart_sitting_crossed","female_smart_sitting_crossed_clip"
"","","/e sitchairf6","Sit Chair - Laptop","物を持つ","","○","","ba_prop_club_laptop_dj_02","","","","","sitting","mouse@female_sitting_laptop","female_sitting_laptop_clip"
"","","/e sitchairf7","Sit Chair - Tablet","物を持つ","","○","","hei_prop_dlc_tablet","","","","","sitting","mouse@female_sitting_tablet","female_sitting_tablet_clip"
"","","/e sitchairf8","Sit Chair - Book","物を持つ","","○","","v_ilev_mp_bedsidebook","","","","","sitting","mouse@female_sitting_tablet","female_sitting_tablet_clip"
"","","/e sitcute","Sit Cute","ふつうの動作","","○","","","","","","","","sitkylie@queensisters","kylie_clip"
"","","/e sitdrunk","Sit Drunk","ふつうの動作","○","○","","","","","","","","timetable@amanda@drunk@base","base"
"","","/e sitfu","Sit Middle Finger","ふつうの動作","","○","","","","","","","","chocoholic@single80","single80_clip"
"","","/e sitlean","Sit Lean","ふつうの動作","○","○","","","","","","","","timetable@tracy@ig_14@","ig_14_base_tracy"
"","","/e sitlean2","Sit Lean 2","ふつうの動作","","○","","","","","","","smoke","anim@scripted@player@fix_astu_ig8_weed_smoke_v1@male@","male_pos_a_p2_base"
"","","/e sitlean3","Sit Lean 3","ふつうの動作","","○","","","","","","","","anim@scripted@freemode@ig7_office_cell_floor@heeled@","base_pose_01"
"","","/e sitsad","Sit Sad","ふつうの動作","○","○","","","","","","","phone sleep","anim@amb@business@bgen@bgen_no_work@","sit_phone_phoneputdown_sleeping-noworkfemale"
"","","/e sitsad2","Sit Sad 2","ふつうの動作","","○","","","","","","","","anim@female_sit_01","f_sit_01_clip"
"","","/e sitsad3","Sit Sad 3","ふつうの動作","","○","","","","","","","","ebrwny_pack000","ebrwny_sitf000"
"","","/e sitsad4","Sit Sad 4","ふつうの動作","","○","","","","","","","","ebrwny_pack000","ebrwny_sitf001"
"","","/e sitscared","Sit Scared","ふつうの動作","○","○","","","","車の外だけ","","","","anim@heists@ornate_bank@hostages@hit","hit_loop_ped_b"
"","","/e sitscared2","Sit Scared 2","ふつうの動作","○","○","","","","車の外だけ","","","","anim@heists@ornate_bank@hostages@ped_c@","flinch_loop"
"","","/e sitscared3","Sit Scared 3","ふつうの動作","○","○","","","","車の外だけ","","","","anim@heists@ornate_bank@hostages@ped_e@","flinch_loop"
"","","/e sittoilet","Sit toilet","ふつうの動作","","○","","","","","","","eat seat","anim@scripted@freemode@ig5_office_cell_seat@heeled@","base_pose_01"
"","","/e sittoilet2","Sit Toilet 2","ふつうの動作","","○","","","","","","","","anim@scripted@cbr5@ig3_drill_box@pattern_01@lockbox_04@male@","idle"
"","","/e sittv","Sit TV","物を持つ","","○","","v_res_tre_remote","","","","","","anim@heists@heist_safehouse_intro@variations@male@tv","tv_part_one_loop"
"","","/e situp","Sit Up","ふつうの動作","○","○","","","","","","","","amb@world_human_sit_ups@male@idle_a","idle_a"
"","","/e sitwithmepose","Sit With Me","2人でやる","","○","","","sitwithmepose2","","","","","amnilka@photopose@couple@couplefirst","amnilka_couple_mal_003"
"","","/e sitwithmepose2","Sit With Me Please?","2人でやる","","○","","","sitwithmepose","","","","","amnilka@photopose@couple@couplefirst","amnilka_couple_fem_003"
"","","/e skatehold","Skateboard - Hold Female","物を持つ","","","○","prop_cs_sol_glasses","","","","","","molly@boombox1","boombox1_clip"
"","","/e skatehold2","Skateboard - Hold Female 2","物を持つ","","","○","rpemotesreborn_skateboard01","","","","","","beachanims@molly","beachanim_surf_clip"
"","","/e skatehold3","Skateboard - Hold Female 3","物を持つ","","○","","rpemotesreborn_skateboard01","","","","","","chocoholic@skate4","skate4_clip"
"","","/e skatehold4","Skateboard - Hold Male","物を持つ","","","○","prop_cs_sol_glasses","","","","","","molly@boombox1","boombox1_clip"
"","","/e skatehold5","Skateboard - Hold Male 2","物を持つ","","","○","rpemotesreborn_skateboard02","","","","","","beachanims@molly","beachanim_surf_clip"
"","","/e skatehold6","Skateboard - Hold Male 3","物を持つ","","○","","rpemotesreborn_skateboard02","","","","","","chocoholic@skate4","skate4_clip"
"","","/e skatehold7","Skateboard - Hold Male DRX","物を持つ","","","○","rpemotesreborn_skateboard02","","","","","","drx@skateboard2","drx"
"","","/e skatehold8","Skateboard - Hold Female DRX","物を持つ","","","○","rpemotesreborn_skateboard01","","","","","","drx@skateboard2","drx"
"","","/e skatekneel","Skateboard Kneeling - Male","物を持つ","","○","","rpemotesreborn_skateboard02","","","","","","drx@skateboard3","drx"
"","","/e skatekneel2","Skateboard Kneeling 2 - Female","物を持つ","","○","","rpemotesreborn_skateboard01","","","","","","drx@skateboard3","drx"
"","","/e skatesit","Skateboard - Sit","物を持つ","","○","","rpemotesreborn_skateboard01","","","","","","skateboardposecmganimation","skateboardposecmg_clip"
"","","/e skatesit2","Skateboard - Sit 2","物を持つ","","○","","rpemotesreborn_skateboard02","","","","","","chocoholic@skate2","skate2_clip"
"","","/e slap","Slap","ふつうの動作","○","","○","","","","","","melee","melee@unarmed@streamed_variations","plyr_takedown_front_slap"
"","","/e slap","Slap","2人でやる","○","","○","","slapped","","","","melee","melee@unarmed@streamed_variations","plyr_takedown_front_slap"
"","","/e slap2","Slap 2","2人でやる","○","","○","","slapped2","","","","melee","melee@unarmed@streamed_variations","plyr_takedown_front_backslap"
"","","/e slapped","Slapped","2人でやる","○","","","","slap","","","","melee","melee@unarmed@streamed_variations","victim_takedown_front_slap"
"","","/e slapped2","Slapped 2","2人でやる","○","","","","slap2","","","","melee","melee@unarmed@streamed_variations","victim_takedown_front_backslap"
"","","/e sleep","Sleep","ふつうの動作","○","○","","","","車の外だけ","","","sleep","timetable@tracy@sleep@","base"
"","","/mood Sleeping","Sleeping","表情","","","","","","","","","sleep","mood_sleeping_1",""
"","","/mood Sleeping2","Sleeping 2","表情","","","","","","","","","","dead_1",""
"","","/mood Sleeping3","Sleeping 3","表情","","","","","","","","","","dead_2",""
"","","/e slide","Slide","ふつうの動作","○","","","","","","","","","anim@arena@celeb@flat@solo@no_props@","slide_a_player_a"
"","","/e slide2","Slide 2","ふつうの動作","○","","","","","","","","","anim@arena@celeb@flat@solo@no_props@","slide_b_player_a"
"","","/e slide3","Slide 3","ふつうの動作","○","","","","","","","","","anim@arena@celeb@flat@solo@no_props@","slide_c_player_a"
"","","/walk Slow","Slow","歩き方","○","","","","","","","","","move_characters@jimmy@slow@",""
"","","/e slowclap","Slow Clap","ふつうの動作","○","","○","","","","","","clap","anim@mp_player_intcelebrationfemale@slow_clap","slow_clap"
"","","/e slowclap2","Slow Clap 2","ふつうの動作","○","","○","","","","","","clap","anim@mp_player_intcelebrationmale@slow_clap","slow_clap"
"","","/e slowclap3","Slow Clap 3","ふつうの動作","○","","○","","","","","","clap","anim@mp_player_intupperslow_clap","idle_a"
"","","/e slugger","Slugger","ふつうの動作","○","","","","","","","","","anim@arena@celeb@flat@solo@no_props@","slugger_a_player_a"
"","","/e smell","Smell","ふつうの動作","○","","○","","","","","","","move_p_m_two_idles@generic","fidget_sniff_fingers"
"","","/e smoke","Smoke","ふつうの動作","○","","","","","","","","smoking","Scenario:SCENARIO","WORLD_HUMAN_SMOKING"
"","","/e smoke2","Smoke 2","物を持つ","○","","○","ng_proc_cigarette01a","","","","○","smoke","amb@world_human_aa_smoke@male@idle_a","idle_c"
"","","/e smoke3","Smoke 3","物を持つ","○","","○","ng_proc_cigarette01a","","","","○","smoke","amb@world_human_aa_smoke@male@idle_a","idle_b"
"","","/e smoke4","Smoke 4","物を持つ","○","","○","ng_proc_cigarette01a","","","","○","smoking","amb@world_human_smoking@female@idle_a","idle_b"
"","","/e smoke5","Smoke 5","物を持つ","","○","","ng_proc_cigarette01a","","","","○","","mrwitt@composed_photo_moments","mrwitt"
"","","/e smoke6","Smoke 6","物を持つ","","","○","ng_proc_cigarette01a","","","","○","smoke","anim@amb@carmeet@checkout_car@","smoke_male_a_idle_b"
"","","/e smokendrink","Smoke And Whiskey","ふつうの動作","","","○","prop_drink_whisky","","","","○","smoke","drx@male_smoke","male_smoke"
"","","/e smokengun","Sitting Smoke & Gun","ふつうの動作","","○","","ng_proc_cigarette01a","","","","○","smoking","smokingweapon@animation","smokingweapon_clip"
"","","/e smokeweed","Smoke Weed (Male)","ふつうの動作","○","","","","","","","","","Scenario:MALE","WORLD_HUMAN_DRUG_DEALER"
"","","/e smokeweed2","Smoke Weed (Female)","ふつうの動作","","","","","","","","","smoking","Scenario:SCENARIO","WORLD_HUMAN_SMOKING_POT"
"","","/e sms","SMS","物を持つ","","","○","prop_phone_ing","","","","○","phone","cellphone@","cellphone_text_read_base"
"","","/e sms2","SMS 2","物を持つ","","","○","prop_phone_ing","","","","○","phone","cellphone@female","cellphone_text_read_base"
"","","/e sms3","SMS 3","物を持つ","","","○","prop_phone_ing","","","","○","phone","cellphone@female","cellphone_email_read_base"
"","","/e sms4","SMS 4","物を持つ","","","○","prop_phone_ing","","","","○","phone","cellphone@female","cellphone_text_read_base_cover_low"
"","","/e sms5","SMS 5","物を持つ","","","○","prop_phone_ing","","","","○","","amb@code_human_wander_texting_fat@male@base","static"
"","","/e smssit","SMS Sit","物を持つ","","○","","prop_phone_ing","","","","○","phone","mrwitt@phone_time_on_floor","mrwitt"
"","","/mood Smug","Smug","表情","","","","","","","","","","mood_smug_1",""
"","","/mood Smug2","Smug 2","表情","","","","","","","","","dancing","mood_dancing_medium_4",""
"","","/e snot","Blow Snot","ふつうの動作","","","○","","","","","","","move_p_m_two_idles@generic","fidget_blow_snot"
"","","/e soda","Soda - eCola Can","物を持つ","○","","○","prop_ecola_can","","","","","drinking drink","amb@world_human_drinking@coffee@male@idle_a","idle_c"
"","","/e soda2","Soda 2 - Sprunk Can","物を持つ","","","○","ng_proc_sodacan_01b","","","","","drinking drink","amb@world_human_drinking@coffee@male@idle_a","idle_c"
"","","/e soda3","Soda 3 - P's & Q's Cup","物を持つ","","","○","v_ret_fh_bscup","","","","","drinking drink","amb@code_human_wander_drinking@male@base","static"
"","","/e soda4","Soda 4 - Burger Shot Cup","物を持つ","","","○","prop_cs_bs_cup","","","","","drinking drink","amb@code_human_wander_drinking@male@base","static"
"","","/e soda5","Soda 5 - Hercules Power Fuel Cup","物を持つ","","","○","rpemotesreborn_soda03","","","","","drinking drink","amb@code_human_wander_drinking@male@base","static"
"","","/e soda6","Soda 6 - Orang-O-Tang Cup","物を持つ","","","○","rpemotesreborn_soda04","","","","","drinking drink","amb@code_human_wander_drinking@male@base","static"
"","","/e soda7","Soda 7- Junk Cup","物を持つ","","","○","rpemotesreborn_soda01","","","","","drinking drink","amb@code_human_wander_drinking@male@base","static"
"","","/e soda8","Soda 8 - Junk Cup","物を持つ","","","○","rpemotesreborn_soda02","","","","","drinking drink","amb@code_human_wander_drinking@male@base","static"
"","","/e soda9","Soda 9 - Orange Flavoured Can","物を持つ","","","○","prop_orang_can_01","","","","","drinking drink","amb@world_human_drinking@coffee@male@idle_a","idle_c"
"","","/e sodafu","Soda Middle Finger eCola","物を持つ","","","○","prop_ecola_can","","","","","drinking drink","anim@male_drinking_01","m_drinking_01_clip"
"","","/e sodafu2","Soda Middle Finger Sprunk","物を持つ","","","○","ng_proc_sodacan_01b","","","","","drinking drink","anim@male_drinking_01","m_drinking_01_clip"
"","","/mood Speculative","Speculative","表情","","","","","","","","","aiming","mood_aiming_1",""
"","","/e squatcash","Squat Cash - Pose","物を持つ","","○","","prop_cash_pile_02","","","","","","mrwitt@checked_shirt_squat_male","mrwitt"
"","","/e squatgunpose","Squat Gun Pose - Left","ふつうの動作","","○","","","","","","","","ganggirls_pose1@darks37","ganggirls_pose1_clip"
"","","/e squatgunpose2","Squat Gun Pose 2 - Right","物を持つ","","○","","w_pi_pistolsmg_m31","","","","","","ganggirls_pose2@darks37","ganggirls_pose2_clip"
"","","/e squatgunpose3","Squat Gun Pose 3","ふつうの動作","","○","","","","","","","gun","gun_prime_2@darksj","gun_prime_2_clip"
"","","/e squatmask","Squat Mask Red - Pose","物を持つ","","○","","scarymask1","","","","","","mrwitt@selfie02_male","mrwitt"
"","","/e squatmask1","Squat Mask White - Pose","物を持つ","","○","","scarymask2","","","","","","mrwitt@selfie02_male","mrwitt"
"","","/e squatmask2","Squat Mask Black - Pose","物を持つ","","○","","scarymask3","","","","","","mrwitt@selfie02_male","mrwitt"
"","","/e ssign","Steal Stop Sign","物を持つ","","","○","prop_sign_road_01a","","","","","","rcmnigel1d","base_club_shoulder"
"","","/e ssign2","Steal Yield Sign","物を持つ","","","○","prop_sign_road_02a","","","","","","rcmnigel1d","base_club_shoulder"
"","","/e ssign3","Steal Hospital Sign","物を持つ","","","○","prop_sign_road_03d","","","","","","rcmnigel1d","base_club_shoulder"
"","","/e ssign4","Steal Parking Sign","物を持つ","","","○","prop_sign_road_04a","","","","","","rcmnigel1d","base_club_shoulder"
"","","/e ssign5","Steal Parking Sign 2","物を持つ","","","○","prop_sign_road_04w","","","","","","rcmnigel1d","base_club_shoulder"
"","","/e ssign6","Steal Pedestrian Sign","物を持つ","","","○","prop_sign_road_05a","","","","","","rcmnigel1d","base_club_shoulder"
"","","/e ssign7","Steal Street Sign","物を持つ","","","○","prop_sign_road_05t","","","","","","rcmnigel1d","base_club_shoulder"
"","","/e ssign8","Steal Freeway Sign","物を持つ","","","○","prop_sign_freewayentrance","","","","","","rcmnigel1d","base_club_shoulder"
"","","/e ssign9","Steal Stop Sign Snow","物を持つ","","","○","prop_snow_sign_road_01a","","","","","","rcmnigel1d","base_club_shoulder"
"","","/e statue","Statue","ふつうの動作","○","","","","","","","","","Scenario:SCENARIO","WORLD_HUMAN_HUMAN_STATUE"
"","","/e statue2","Statue 2","ふつうの動作","○","","○","","","","","","","fra_0_int-1","cs_lamardavis_dual-1"
"","","/e statue3","Statue 3","ふつうの動作","○","○","","","","","","","","club_intro2-0","csb_englishdave_dual-0"
"","","/e stealtv","Steal TV","物を持つ","","","○","xs_prop_arena_screen_tv_01","","","","","","beachanims@molly","beachanim_surf_clip"
"","","/e stickbutterfly","Stick Butterfly","物を持つ","","","○","prop_stickbfly","","","","","","anim@heists@humane_labs@finale@keycards","ped_a_enter_loop"
"","","/e stickhummingbird","Stick Hummingbird","物を持つ","","","○","prop_stickhbird","","","","","","anim@heists@humane_labs@finale@keycards","ped_a_enter_loop"
"","","/e stickup","Stick Up","2人でやる","○","","○","","stickupscared","","","","fight","random@countryside_gang_fight","biker_02_stickup_loop"
"","","/e stickup","Stick Up","ふつうの動作","○","","○","","","","","","fight","random@countryside_gang_fight","biker_02_stickup_loop"
"","","/e stickupscared","Stickup Scared","2人でやる","○","","○","","stickup","","","","","missminuteman_1ig_2","handsup_base"
"","","/e stink","Stink","ふつうの動作","○","","○","","","","","","","anim@mp_player_intcelebrationfemale@stinker","stinker"
"","","/e stire","Steal Tire 1","物を持つ","","","○","prop_wheel_01","","","","","","anim@heists@box_carry@","idle"
"","","/e stire2","Steal Tire 2","物を持つ","","","○","prop_wheel_02","","","","","","anim@heists@box_carry@","idle"
"","","/e stonerbabepose","Stoner Babe Pose","物を持つ","","○","","p_cs_joint_01","","","","","","stonerbabe@animation","stonerbabe_clip"
"","","/e stop","Stop","ふつうの動作","","","○","","","","","","","ebrwny_pack000","ebrwny_stop"
"","","/e stopsign","Stop Sign","物を持つ","","","○","prop_flagger_sign_01","","","","","","amb@world_human_janitor@male@base","base"
"","","/e stopsign2","Stop Sign 2 - Slow Down","物を持つ","","","○","prop_flagger_sign_01","","","","","","amb@world_human_janitor@male@base","base"
"","","/e stopsign3","Stop Sign 3 - Stop","物を持つ","","","○","prop_flagger_sign_02","","","","","","special_ped@griff@base","base"
"","","/e stopsign4","Stop Sign 4 - Slow Down","物を持つ","","","○","prop_flagger_sign_02","","","","","","special_ped@griff@base","base"
"","","/mood Stressed","Stressed","表情","","","","","","","","","","mood_stressed_1",""
"","","/e stretch","Stretch","ふつうの動作","○","○","","","","","","","","mini@triathlon","idle_e"
"","","/e stretch2","Stretch 2","ふつうの動作","○","○","","","","","","","","mini@triathlon","idle_f"
"","","/e stretch3","Stretch 3","ふつうの動作","○","○","","","","","","","","mini@triathlon","idle_d"
"","","/e stretch4","Stretch 4","ふつうの動作","○","○","","","","","","","stretch","rcmfanatic1maryann_stretchidle_b","idle_e"
"","","/walk Stripper","Stripper","歩き方","","","","","","","","","","move_f@stripper@a",""
"","","/e study","Study","物を持つ","","○","","xm_prop_x17_laptop_lester_01","","","","","","study_pc_finally_fixed@dark","study_pc_finally_fixed_clip"
"","","/e stumble","Stumble","ふつうの動作","○","○","","","","","","","","misscarsteal4@actor","stumble"
"","","/e stunned","Stunned","ふつうの動作","○","○","","","","","","","gun","stungun@standing","damage"
"","","/mood Suggestive","Suggestive","表情","","","","","","","","","","console_wasnt_fun_end_loop_floyd_facial",""
"","","/e suitcase","Suitcase","物を持つ","○","","○","prop_ld_suitcase_01","","","","","","move_weapon@jerrycan@generic","idle"
"","","/e suitcase2","Suitcase 2","物を持つ","○","","○","prop_security_case_01","","","","","","move_weapon@jerrycan@generic","idle"
"","","/mood Sulking","Sulking","表情","","","","","","","","","","mood_sulk_1",""
"","","/e summon","Summon","物を持つ","","","○","m24_1_prop_m41_zombiestaff_01a","","","","","","anim@scripted@surv@ig3_plague_summon@male@","summon_a"
"","","/e summon2","Summon2","物を持つ","","","○","m24_1_prop_m41_zombiestaff_01a","","","","","","anim@scripted@surv@ig3_plague_summon@male@","summon_b"
"","","/e sunbathe","Sunbathe - Hand On Head","ふつうの動作","○","○","","","","車の外だけ","","","","amb@world_human_sunbathe@male@back@base","base"
"","","/e sunbathe2","Sunbathe 2 - Hand Over Face","ふつうの動作","○","○","","","","車の外だけ","","","","amb@world_human_sunbathe@female@back@base","base"
"","","/e sunbathe3","Sunbathe 3 - Lay On Stomach","ふつうの動作","○","○","","","","車の外だけ","","","","amb@world_human_sunbathe@female@front@base","base"
"","","/e sunbathe4","Sunbathe 4","ふつうの動作","","○","","","","車の外だけ","","","","amb@world_human_sunbathe@male@back@idle_a","idle_a"
"","","/e sunbathe5","Sunbathe 5","ふつうの動作","","○","","","","車の外だけ","","","","amb@world_human_sunbathe@female@back@idle_a","idle_a"
"","","/e sunbathe6","Sunbathe 6","ふつうの動作","","○","","","","車の外だけ","","","","amb@world_human_sunbathe@female@front@idle_a","idle_c"
"","","/e sunbathe7","Sunbathe 7","ふつうの動作","","○","","","","車の外だけ","","","","amb@world_human_sunbathe@male@front@base","base"
"","","/e superhero","Superhero","ふつうの動作","○","○","","","","","","","","rcmbarry","base"
"","","/e superhero2","Superhero 2","ふつうの動作","○","","○","","","","","","","rcmbarry","base"
"","","/e surfboard","Surf Board","物を持つ","","","○","prop_surf_board_ldn_02","","","","","","beachanims@molly","beachanim_surf_clip"
"","","/e surrender","Surrender","ふつうの動作","○","○","","","","","","","","random@arrests@busted","idle_a"
"","","/e surrender2","Surrender 2","ふつうの動作","","○","","","","","","","","mp_bank_heist_1","f_cower_02"
"","","/e surrender3","Surrender 3","ふつうの動作","","○","","","","","","","","mp_bank_heist_1","m_cower_01"
"","","/e surrender4","Surrender 4","ふつうの動作","","○","","","","","","","","mp_bank_heist_1","m_cower_02"
"","","/e surrender5","Surrender 5","ふつうの動作","","○","","","","","","","","random@arrests","kneeling_arrest_idle"
"","","/e surrender6","Surrender 6","ふつうの動作","","○","","","","","","","","rcmbarry","m_cower_01"
"","","/e surrender7","Surrender 7","ふつうの動作","","○","","","","","","","","anim@scripted@bty4@ig2_bounty_kneel@male@","on_knee_idle_a"
"","","/e surrender8","Surrender 8","ふつうの動作","","○","","","","","","","","anim@scripted@npc@bounty_ig_surrender@male@","surrender_idle_bounty"
"","","/walk Swagger","Swagger","歩き方","○","","","","","","","","","move_m@swagger",""
"","","/walk Swagger2","Swagger 2","歩き方","","","","","","","","","","move_m@swagger@b",""
"","","/e syringe","Syringe","物を持つ","","","○","prop_syringe_01","","","","","","anim@heists@humane_labs@finale@keycards","ped_a_enter_loop"
"","","/e tablet","Tablet","物を持つ","○","","○","prop_cs_tablet","","","","","","amb@world_human_tourist_map@male@base","base"
"","","/e tablet2","Tablet 2","物を持つ","○","","○","prop_cs_tablet","","","","","","amb@code_human_in_bus_passenger_idles@female@tablet@idle_a","idle_a"
"","","/e taco","Taco","物を持つ","","","○","prop_taco_01","","","","","eat","mp_player_inteat@burger","mp_player_int_eat_burger"
"","","/e tag","Tagging Shake Can Male","物を持つ","","","○","prop_cs_spray_can","","","","","","anim@scripted@freemode@postertag@graffiti_spray@male@","shake_can_male"
"","","/e tag2","Tagging Shake Can Female","物を持つ","","","○","prop_cs_spray_can","","","","","","anim@scripted@freemode@postertag@graffiti_spray@heeled@","shake_can_female"
"","","/e tag3","Tagging Male 1","物を持つ","","","○","prop_cs_spray_can","","","","","","anim@scripted@freemode@postertag@graffiti_spray@male@","spray_can_var_01_male"
"","","/e tag4","Tagging Male 2","物を持つ","","","○","prop_cs_spray_can","","","","","","anim@scripted@freemode@postertag@graffiti_spray@male@","spray_can_var_02_male"
"","","/e tag5","Tagging Female 1","物を持つ","","","○","prop_cs_spray_can","","","","","","anim@scripted@freemode@postertag@graffiti_spray@heeled@","spray_can_var_01_female"
"","","/e tag6","Tagging Female 2","物を持つ","","","○","prop_cs_spray_can","","","","","","anim@scripted@freemode@postertag@graffiti_spray@heeled@","spray_can_var_02_female"
"","","/e tag7","Tagging 7","物を持つ","","","○","m24_1_prop_m41_spraycan_01a","","","","","","anim@scripted@freemode@tagcoll_ig_postertag@heeled@","postertag"
"","","/e taichi","Tai chi","ふつうの動作","","○","","","","","","","lean","anim@veh@van@mule5@rps","lean_forward_idle"
"","","/e taichi2","Tai chi - Awkward","ふつうの動作","","","","","","","","","","switch@trevor@rand_temple","tai_chi_trevor"
"","","/mood Talking","Talking","表情","","","","","","","","","","mood_talking_1",""
"","","/e technodance","Techno Dance","ダンス","","○","","","","","","","nightclub","anim@amb@nightclub@mini@dance@dance_solo@techno_karate@","high_left_up"
"","","/e technodance2","Techno Dance 2","ダンス","","○","","","","","","","nightclub","anim@amb@nightclub@mini@dance@dance_solo@techno_karate@","med_center_up"
"","","/e technodance3","Techno Dance 3","ダンス","","○","","","","","","","nightclub","anim@amb@nightclub@mini@dance@dance_solo@techno_karate@","high_left"
"","","/e technodance4","Techno Dance 4","ダンス","","○","","","","","","","nightclub","anim@amb@nightclub@mini@dance@dance_solo@techno_karate@","high_right_up"
"","","/e teddy","Teddy","物を持つ","○","","○","v_ilev_mr_rasberryclean","","","","","","impexp_int-0","mp_m_waremech_01_dual-0"
"","","/e tennisplay","Tennis Play","物を持つ","","","○","prop_tennis_bag_01","","","","","","move_weapon@jerrycan@generic","idle"
"","","/walk Tense","Tense","歩き方","","","","","","","","","","move_action@generic@core",""
"","","/e texting","Texting","ふつうの動作","○","","","","","","","","","Scenario:SCENARIO","WORLD_HUMAN_STAND_MOBILE"
"","","/e think","Think","ふつうの動作","○","","○","","","","","","","misscarsteal4@aliens","rehearsal_base_idle_director"
"","","/e think2","Think 2","ふつうの動作","○","","○","","","","","","","missheist_jewelleadinout","jh_int_outro_loop_a"
"","","/e think3","Think 3","ふつうの動作","○","","○","","","","","","","timetable@tracy@ig_8@base","base"
"","","/e think4","Think 4","ふつうの動作","○","","○","","","","","","","anim@amb@casino@hangout@ped_male@stand@02b@idles","idle_a"
"","","/e think5","Think 5","ふつうの動作","○","","○","","","","","","","mp_cp_welcome_tutthink","b_think"
"","","/e threaten","Threaten","ふつうの動作","○","","○","","","","","","","random@atmrobberygen","b_atm_mugging"
"","","/e thumbsup","Thumbs Up","ふつうの動作","○","","○","","","","","","","anim@mp_player_intupperthumbs_up","idle_a"
"","","/e thumbsup2","Thumbs Up 2","ふつうの動作","○","","○","","","","","","","anim@mp_player_intselfiethumbs_up","idle_a"
"","","/e thumbsup3","Thumbs Up 3","ふつうの動作","○","","○","","","","","","","anim@mp_player_intincarthumbs_uplow@ds@","enter"
"","","/e tighten","Tighten (Yoga)","ふつうの動作","","○","","","","","","","","timetable@denice@ig_1","idle_b"
"","","/e tire","Tire","物を持つ","","","○","prop_wheel_tyre","","","","","","anim@heists@box_carry@","idle"
"","","/walk Toolbelt","Toolbelt Male","歩き方","","","","","","","","","","move_m@tool_belt@a",""
"","","/walk Toolbelt2","Toolbelt Female","歩き方","","","","","","","","","","move_f@tool_belt@a",""
"","","/e toolbox","Toolbox","物を持つ","","","○","prop_tool_box_04","","","","","","move_weapon@jerrycan@generic","idle"
"","","/e toolbox2","Toolbox 2","物を持つ","","","○","imp_prop_tool_box_01a","","","","","","move_weapon@jerrycan@generic","idle"
"","","/e toolbox3","Toolbox 3","物を持つ","","","○","xm3_prop_xm3_tool_box_01a","","","","","","move_weapon@jerrycan@generic","idle"
"","","/e toolbox4","Toolbox 4","物を持つ","","","○","xm3_prop_xm3_tool_box_02a","","","","","","move_weapon@jerrycan@generic","idle"
"","","/walk Tough","Tough","歩き方","○","","","","","","","","","move_m@tough_guy@",""
"","","/walk Tough2","Tough 2","歩き方","○","","","","","","","","","move_f@tough_guy@",""
"","","/e tpose","T Pose","ふつうの動作","","","○","","","","","","yoga","missfam5_yoga","a2_pose"
"","","/e tpose2","T Pose 2","ふつうの動作","","○","","","","","","","sleep","mp_sleep","bind_pose_180"
"","","/walk Tracey","Tracey","歩き方","","","","","","","","","","move_characters@tracey",""
"","","/walk Trash","Trash","歩き方","○","","","","","","","","","clipset@move@trash_fast_turn",""
"","","/walk Trash2","Trash 2","歩き方","○","","","","","","","","","missfbi4prepp1_garbageman",""
"","","/walk Trevor","Trevor","歩き方","○","","","","","","","","","move_p_m_two",""
"","","/e tryclothes","Try Clothes","ふつうの動作","○","○","","","","","","","","mp_clothing@female@trousers","try_trousers_neutral_a"
"","","/e tryclothes2","Try Clothes 2","ふつうの動作","○","○","","","","","","","","mp_clothing@female@shirt","try_shirt_positive_a"
"","","/e tryclothes3","Try Clothes 3","ふつうの動作","○","○","","","","","","","","mp_clothing@female@shoes","try_shoes_positive_a"
"","","/e tryclothes4","Try Clothes 4","ふつうの動作","","","","","","","","","","anim@scripted@ulp_missions@change_clothes@female@","change_highroller"
"","","/e tryclothes5","Try Clothes 5","ふつうの動作","","","","","","","","","","anim@scripted@ulp_missions@change_clothes@","change_highroller_male"
"","","/e twerk","Twerk","ダンス","○","○","","","","","","","","switch@trevor@mocks_lapdance","001443_01_trvs_28_idle_stripper"
"","","/mood Twitch","Twitch","表情","","","","","","","","","","mood_skydive_1",""
"","","/e type","Type","ふつうの動作","○","","○","","","","","","","anim@heists@prison_heiststation@cop_reactions","cop_b_idle"
"","","/e type2","Type 2","ふつうの動作","○","","○","","","","","","","anim@heists@prison_heistig1_p1_guard_checks_bus","loop"
"","","/e type3","Type 3","ふつうの動作","○","","○","","","","","","","mp_prison_break","hack_loop"
"","","/e type4","Type 4","ふつうの動作","○","○","","","","","","","","mp_fbi_heist","loop"
"","","/e type5","Type 5 - Stare","ふつうの動作","","○","","","","","","","","anim@scripted@freemode@ig12_use_computer@male@","loop"
"","","/e umbrella","Umbrella - Middle","物を持つ","○","","○","p_amb_brolly_01","","","","","drinking drink","amb@world_human_drinking@coffee@male@base","base"
"","","/e umbrella2","Umbrella 2 - Right Shoulder","物を持つ","","","○","p_amb_brolly_01","","","","","","rcmnigel1d","base_club_shoulder"
"","","/e umbrella3","Umbrella 3 - Rain Check","物を持つ","","","○","p_amb_brolly_01","","","","","","mrwitt@rain_dreamy_pose","mrwitt"
"","","/e umbrella4","Umbrella 4 - Hold Left","物を持つ","","","○","p_amb_brolly_01","","","","","","custom@hold_umbrella","hold_left"
"","","/e uwu","UwU","ふつうの動作","","","○","","","","","","","uwu@egirl","base"
"","","/e uwu2","UwU 2","ふつうの動作","","","○","","","","","","","ebrwny_pack000","ebrwny_shy"
"","","/e valet","Valet","ふつうの動作","","○","","","","","","","","anim@amb@casino@valet_scenario@pose_a@","base_a_m_y_vinewood_01"
"","","/e valet2","Valet 2","ふつうの動作","","○","","","","","","","","anim@amb@casino@valet_scenario@pose_b@","base_a_m_y_vinewood_01"
"","","/e valet3","Valet 3","ふつうの動作","","","○","","","","","","","anim@amb@casino@valet_scenario@pose_d@","base_a_m_y_vinewood_01"
"","","/e vape","Vape","物を持つ","","","○","ba_prop_battle_vape_01","","","","○","smoking","amb@world_human_smoking@male@male_b@base","base"
"","","/e vape2","Vape 2","物を持つ","","","○","xm3_prop_xm3_vape_01a","","","","○","smoking","amb@world_human_smoking@male@male_b@base","base"
"","","/walk Veryslow","Very Slow","歩き方","","","","","","","","","","move_m@leaf_blower",""
"","","/e vest","Hold Vest","ふつうの動作","","","○","","","","","","","anim@male@holding_vest","holding_vest_clip"
"","","/e vest2","Hold Vest 2","ふつうの動作","","","○","","","","","","","anim@holding_side_vest","holding_side_vest_clip"
"","","/e vest3","Hold Vest 3","ふつうの動作","","","○","","","","","","","anim@holding_siege_vest_side","holding_siege_vest_side_clip"
"","","/e vest4","Hold Vest 4","ふつうの動作","","","○","","","","","","","anim@male@holding_vest_2","holding_vest_2_clip"
"","","/e vest5","Hold Vest 5","ふつうの動作","","","○","","","","","","","anim@male@holding_vest_siege","holding_vest_siege_clip"
"","","/e vest6","Hold Vest 6","ふつうの動作","","","○","","","","","","","anim@male@holding_vest_siege_2","holding_vest_siege_2_clip"
"","","/e vlog","Vlog","物を持つ","","","○","prop_ing_camera_01","","","","","","amb@world_human_mobile_film_shocking@male@base","base"
"","","/e vlog2","Vlog 2","物を持つ","","","○","prop_ing_camera_01","","","","","","anim@heists@humane_labs@finale@keycards","ped_a_enter_loop"
"","","/e vulture","Vulture","物を持つ","","","○","ch_prop_arcade_gun_bird_01a","","","","","","anim@heists@humane_labs@finale@keycards","ped_a_enter_loop"
"","","/e wait","Wait","ふつうの動作","○","","○","","","","","","","random@shop_tattoo","_idle_a"
"","","/e wait10","Wait 10","ふつうの動作","○","","○","","","","","","","timetable@amanda@ig_3","ig_3_base_tracy"
"","","/e wait11","Wait 11","ふつうの動作","○","","○","","","","","","","misshair_shop@hair_dressers","keeper_base"
"","","/e wait12","Wait 12","ふつうの動作","○","","○","","","","","","","rcmjosh1","keeper_base"
"","","/e wait13","Wait 13","ふつうの動作","○","","○","","","","","","","rcmnigel1a","base"
"","","/e wait2","Wait 2","ふつうの動作","○","","○","","","","","","","missbigscore2aig_3","wait_for_van_c"
"","","/e wait3","Wait 3","ふつうの動作","○","","○","","","","","","","amb@world_human_hang_out_street@female_hold_arm@idle_a","idle_a"
"","","/e wait4","Wait 4","ふつうの動作","○","","○","","","","","","","amb@world_human_hang_out_street@Female_arm_side@idle_a","idle_a"
"","","/e wait5","Wait 5","ふつうの動作","○","","○","","","","","","","missclothing","idle_storeclerk"
"","","/e wait6","Wait 6","ふつうの動作","○","","○","","","","","","","timetable@amanda@ig_2","ig_2_base_amanda"
"","","/e wait7","Wait 7","ふつうの動作","○","","○","","","","","","","rcmnigel1cnmt_1c","base"
"","","/e wait8","Wait 8","ふつうの動作","○","","○","","","","","","","rcmjosh1","idle"
"","","/e wait9","Wait 9","ふつうの動作","○","","○","","","","","","","rcmjosh2","josh_2_intp1_base"
"","","/e wallpose","Wall Pose","ふつうの動作","","○","","","","","","","","shamrock@wallpose1","pose"
"","","/e wallpose2","Wall Pose 2","ふつうの動作","","○","","","","","","","","shamrock@wallpose2","pose"
"","","/e wallpose3","Wall Pose 3","ふつうの動作","","○","","","","","","","","shamrock@wallpose3","pose"
"","","/e wallpose4","Wall Pose 4","ふつうの動作","","○","","","","","","","","shamrock@wallpose4","pose"
"","","/e wallpose5","Wall Pose 5","ふつうの動作","","○","","","","","","","","shamrock@wallpose5","pose"
"","","/e wank","Wank","ふつうの動作","","","○","","","","○","","","anim@mp_player_intselfiewank","idle_a"
"","","/e wank2","Wank 2","ふつうの動作","","","○","","","","○","","","anim@mp_player_intupperwank","idle_a"
"","","/e wank3","Wank 3","ふつうの動作","","","○","","","","○","","","mp_player_int_upperwank","mp_player_int_wank_02"
"","","/e wank4","Wank 4","ふつうの動作","","","○","","","","○","","","mp_player_int_upperwank","mp_player_int_wank_02_fp"
"","","/e wank5","Wank 5","ふつうの動作","","","","","","","○","","","mp_player_intwank","mp_player_int_wank"
"","","/e warmth","Warmth","ふつうの動作","○","","○","","","","","","","amb@world_human_stand_fire@male@idle_a","idle_a"
"","","/e watchstripper","Watch Stripper","ふつうの動作","","","","","","","○","","","amb@world_human_strip_watch_stand@male_c@idle_a","idle_b"
"","","/e watchstripper2","Watch Stripper 2","物を持つ","","","○","prop_beer_am","","","○","","","amb@world_human_strip_watch_stand@male_c@base","base"
"","","/e water","Water Bottle","物を持つ","","","○","vw_prop_casino_water_bottle_01a","","","","","drink","mp_player_intdrink","loop_bottle"
"","","/e wave","Wave","ふつうの動作","○","","○","","","","","","wave","friends@frj@ig_1","wave_a"
"","","/e wave2","Wave 2","ふつうの動作","○","","○","","","","","","wave","anim@mp_player_intcelebrationfemale@wave","wave"
"","","/e wave3","Wave 3","ふつうの動作","○","","○","","","","","","","friends@fra@ig_1","over_here_idle_a"
"","","/e wave4","Wave 4","ふつうの動作","○","","○","","","","","","","random@mugging5","001445_01_gangintimidation_1_female_idle_b"
"","","/e wave5","Wave 5","ふつうの動作","○","","○","","","","","","wave","friends@frj@ig_1","wave_b"
"","","/e wave6","Wave 6","ふつうの動作","○","","○","","","","","","wave","friends@frj@ig_1","wave_c"
"","","/e wave7","Wave 7","ふつうの動作","○","","○","","","","","","wave","friends@frj@ig_1","wave_d"
"","","/e wave8","Wave 8","ふつうの動作","○","","○","","","","","","wave","friends@frj@ig_1","wave_e"
"","","/e wave9","Wave 9","ふつうの動作","○","","○","","","","","","","gestures@m@standing@casual","gesture_hello"
"","","/e weedbrick","Weed Brick","物を持つ","","","○","prop_weed_block_01","","","","","","impexp_int-0","mp_m_waremech_01_dual-0"
"","","/e weedbrick2","Weed Brick BIG","物を持つ","","","○","bkr_prop_weed_bigbag_01a","","","","","","anim@heists@box_carry@","idle"
"","","/e weedbucket","Weed Bucket","物を持つ","","","○","bkr_prop_weed_bucket_open_01a","","","","","","anim@heists@box_carry@","idle"
"","","/e weights","Weights","物を持つ","","","○","prop_curl_bar_01","","","","","","amb@world_human_muscle_free_weights@male@barbell@base","base"
"","","/e weights2","Weights 2","物を持つ","","","○","prop_curl_bar_01","","","","","","amb@world_human_muscle_free_weights@male@barbell@idle_a","idle_d"
"","","/e weights3","Weights 3 - Pose","物を持つ","","○","","prop_barbell_01","","","","","","frabi@malepose@solo@firstsport","pose_sport_004"
"","","/e weights4","Weights 4 - Pose","物を持つ","","○","","prop_barbell_01","","","","","","frabi@malepose@solo@firstsport","pose_sport_003"
"","","/e weights5","Weights 5 - Female Pose","物を持つ","","○","","v_res_tre_weight","","","","","","frabi@femalepose@solo@firstsport","fem_pose_sport_001"
"","","/e weights6","Weights 6 - Female Pose 2","物を持つ","","○","","v_res_tre_weight","","","","","","frabi@femalepose@solo@firstsport","fem_pose_sport_002"
"","","/e weights7","Weights 7 - Female Pose 3","物を持つ","","○","","prop_freeweight_01","","","","","","frabi@femalepose@solo@firstsport","fem_pose_sport_003"
"","","/e weightsbarbell","Weights - Barbell 10KG","物を持つ","","○","","prop_barbell_10kg","","","","","eat seat bench","amb@prop_human_seat_muscle_bench_press@idle_a","idle_a"
"","","/e weightsbarbell2","Weights - Barbell 20KG","物を持つ","","○","","prop_barbell_20kg","","","","","eat seat bench","amb@prop_human_seat_muscle_bench_press@idle_a","idle_a"
"","","/e weightsbarbell3","Weights - Barbell 30KG","物を持つ","","○","","prop_barbell_30kg","","","","","eat seat bench","amb@prop_human_seat_muscle_bench_press@idle_a","idle_a"
"","","/e weightsbarbell4","Weights - Barbell 40KG","物を持つ","","○","","prop_barbell_40kg","","","","","eat seat bench","amb@prop_human_seat_muscle_bench_press@idle_a","idle_a"
"","","/e weightsbarbell5","Weights - Barbell 50KG","物を持つ","","○","","prop_barbell_50kg","","","","","eat seat bench","amb@prop_human_seat_muscle_bench_press@idle_a","idle_a"
"","","/e weightsbarbell6","Weights - Barbell 60KG","物を持つ","","○","","prop_barbell_60kg","","","","","eat seat bench","amb@prop_human_seat_muscle_bench_press@idle_a","idle_a"
"","","/e weightsbarbell7","Weights - Barbell 80KG","物を持つ","","○","","prop_barbell_80kg","","","","","eat seat bench","amb@prop_human_seat_muscle_bench_press@idle_a","idle_a"
"","","/e weightsbarbell8","Weights - Barbell 100KG","物を持つ","","○","","prop_barbell_100kg","","","","","eat seat bench","amb@prop_human_seat_muscle_bench_press@idle_a","idle_a"
"","","/mood Weird","Weird","表情","","","","","","","","","","effort_2",""
"","","/mood Weird2","Weird 2","表情","","","","","","","","","","effort_3",""
"","","/mood Weird3","Weird 3","表情","","","","","","","","","melee","melee_effort_1",""
"","","/e welcomeback","Welcome Back","ふつうの動作","","","","","","","","","","anim@scripted@island@special_peds@dave@hs4_dave_stage2_ig6","you're_back"
"","","/e weld","Weld","ふつうの動作","○","","","","","","","","","Scenario:SCENARIO","WORLD_HUMAN_WELDING"
"","","/e whiskey","Whiskey","物を持つ","○","","○","prop_drink_whisky","","","","","drinking drink","amb@world_human_drinking@coffee@male@idle_a","idle_c"
"","","/e whiskeyb","Whiskey Bottle","物を持つ","","","○","ba_prop_battle_whiskey_bottle_2_s","","","","","drinking drink","amb@world_human_drinking@beer@male@idle_a","idle_a"
"","","/e whiskeyb2","Whiskey Bottle 2","物を持つ","","","○","ba_prop_battle_whiskey_bottle_2_s","","","","","drinking drink","amb@world_human_drinking@beer@male@idle_a","idle_a"
"","","/e whiskeyb3","Whiskey Bottle 3","物を持つ","","○","","ba_prop_battle_whiskey_bottle_2_s","","","","","drinking drink","amb@world_human_drinking@beer@male@idle_a","idle_a"
"","","/e whiskeybartender","Pour Shot - Whiskey","物を持つ","","","○","ba_prop_battle_whiskey_bottle_2_s","","","","","drinking drink","mini@drinking","shots_barman_a"
"","","/e whistle","Whistle","ふつうの動作","○","","○","","","","","","","taxi_hail","hail_taxi"
"","","/e whistle2","Whistle 2","ふつうの動作","○","","○","","","","","","","rcmnigel1c","hailing_whistle_waive_a"
"","","/walk Wide","Wide","歩き方","○","","","","","","","","","move_m@bag",""
"","","/e windowshop","Window Shop","ふつうの動作","○","","","","","","","","","Scenario:SCENARIO","WORLD_HUMAN_WINDOW_SHOP_BROWSE"
"","","/e wine","Wine","物を持つ","○","","○","prop_drink_redwine","","","","","","anim@heists@humane_labs@finale@keycards","ped_a_enter_loop"
"","","/e wine2","Wine 2 - Bottle","物を持つ","","","○","prop_wine_rose","","","","","drinking drink","amb@world_human_drinking@beer@female@idle_a","idle_e"
"","","/e wine3","Wine 3 - Bottle","物を持つ","","○","","prop_wine_rose","","","","","drinking drink","amb@world_human_drinking@beer@female@idle_a","idle_e"
"","","/e wlight","Weed Light","物を持つ","","","○","prop_bzzz_drugs_light001","","","","","","missfbi4prepp1","idle"
"","","/e wt","Walkie Talkie","物を持つ","","","○","prop_cs_hand_radio","","","","","phone","cellphone@","cellphone_text_read_base"
"","","/e wt2","Walkie Talkie 2","物を持つ","","○","","prop_cs_hand_radio","","","","","gun","anim@radio_pose_3","radio_holding_gun"
"","","/e wt3","Walkie Talkie 3 Left","物を持つ","","","○","prop_cs_hand_radio","","","","","","anim@radio_left","radio_left_clip"
"","","/e wt4","Walkie Talkie 4","物を持つ","","","○","prop_cs_hand_radio","","","","","","anim@male@holding_radio","holding_radio_clip"
"","","/e wt5","Walkie Talkie 5","物を持つ","","","○","prop_cs_hand_radio","","","","","phone","missfbi3_steve_phone","steve_phone_idle_a"
"","","/e xmascc","Xmas Cupcake","物を持つ","","","○","pata_christmasfood6","","","","","eat","mp_player_inteat@burger","mp_player_int_eat_burger"
"","","/e xmascc2","Xmas Cupcake 2","物を持つ","","","○","pata_christmasfood8","","","","","eat","mp_player_inteat@burger","mp_player_int_eat_burger"
"","","/e xmasic","Xmas Ice Cream","物を持つ","","","○","pata_christmasfood7","","","","","","anim@scripted@island@special_peds@pavel@hs4_pavel_ig5_caviar_p1","base_idle"
"","","/e xmasmug","Xmas Mug - Tea","物を持つ","","","○","bzzz_food_xmas_mug_a","","","","","drink","mp_player_intdrink","loop_bottle"
"","","/e xmasmug2","Xmas Mug - Coffee","物を持つ","","","○","bzzz_food_xmas_mug_b","","","","","drink","mp_player_intdrink","loop_bottle"
"","","/e xmassf","Xmas Snowflake Cookie","物を持つ","","","○","pata_christmasfood2","","","","","eat","mp_player_inteat@burger","mp_player_int_eat_burger"
"","","/e xmaswine","Xmas Mulled Wine","物を持つ","","","○","bzzz_food_xmas_mulled_wine_a","","","","","drink","mp_player_intdrink","loop_bottle"
"","","/e yeah","Yeah","ふつうの動作","○","","○","","","","","","","anim@mp_player_intupperair_shagging","idle_a"
"","","/e yeah2","Yeah Yeah","ふつうの動作","","","","","","","","","","sum24_office_int-37","csb_jenettee_dual-37"
"","","/e yoga","Yoga","ふつうの動作","○","","","","","","","","yoga","Scenario:SCENARIO","WORLD_HUMAN_YOGA"
"","","/e yoga2","Yoga 2","ふつうの動作","","○","","","","","","","","timetable@amanda@ig_4","ig_4_idle"
"","","/walk Zombie","Zombie","歩き方","","","","","","","","","","clipset@anim@ingame@move_m@zombie@core",""
"","","/e zombieagony","Zombie Agony","ふつうの動作","","○","","","","","","","","zombies_animations","agony"
"","","/e zombiecrawl","Zombie Crawl","ふつうの動作","","○","","","","","","","","zombies_animations","crawl_01"
"","","/e zombiescream","Zombie Scream","ふつうの動作","","○","","","","","","","","zombies_animations","scream"
"","","/e zombieswipe","Zombie Swipe","ふつうの動作","","","","","","","","","melee","anim@ingame@melee@unarmed@streamed_core_zombie","short_-180_punch"
"","","/e zombieswipe2","Zombie Swipe 2","ふつうの動作","","","","","","","","","melee","anim@ingame@melee@unarmed@streamed_variations_zombie","heavy_punch_b_var_2"
"","","/e zombieswipe3","Zombie Swipe 3","ふつうの動作","","","","","","","","","melee","anim@ingame@melee@unarmed@streamed_core_zombie","short_90_punch"
"","","/e zombiewalk","Zombie Walk","ふつうの動作","","○","","","","","","","","zombies_animations","zombi_walk_01"
"","","/e zombiewalk2","Zombie Walk 2","ふつうの動作","","○","","","","","","","","zombies_animations","zombi_walk_02"
"","","/e zombiewalk3","Zombie Walk 3","ふつうの動作","","○","","","","","","","","anim@ingame@move_m@zombie@core","walk_up"
"","","/e zombiewalk4","Zombie Run - Circle","ふつうの動作","","○","","","","","","","","anim@ingame@move_m@zombie@core","run_turn_r3"
"","","/e zompopdance","Dance - Zombie","ダンス","","○","","","","","","","","zompop@danceanim","zompop_clip"
